time,nv,AIRS3STM_7_0_Temperature_D,StdPressureLev,time_bnds,GLDAS_NOAH10_M_2_1_Rainf_f_tavg,NLDAS_FORA0125_M_2_0_Rainf,MODISA_L3m_SST_Monthly_9km_R2019_0_sst
2000-01-01 00:00:00,0,,1000.0,,2.6646103e-05,,
2000-01-01 00:00:00,1,,1000.0,,2.6646103e-05,,
2000-02-01 00:00:00,0,,1000.0,,2.8406905e-05,45.332397,
2000-02-01 00:00:00,1,,1000.0,,2.8406905e-05,45.332397,
2000-03-01 00:00:00,0,,1000.0,,2.7548913e-05,42.942463,
2000-03-01 00:00:00,1,,1000.0,,2.7548913e-05,42.942463,
2000-04-01 00:00:00,0,,1000.0,,2.6628086e-05,52.437862,
2000-04-01 00:00:00,1,,1000.0,,2.6628086e-05,52.437862,
2000-05-01 00:00:00,0,,1000.0,,2.631712e-05,51.69018,
2000-05-01 00:00:00,1,,1000.0,,2.631712e-05,51.69018,
2000-06-01 00:00:00,0,,1000.0,,2.9850326e-05,62.838196,
2000-06-01 00:00:00,1,,1000.0,,2.9850326e-05,62.838196,
2000-07-01 00:00:00,0,,1000.0,,3.026306e-05,83.131996,
2000-07-01 00:00:00,1,,1000.0,,3.026306e-05,83.131996,
2000-08-01 00:00:00,0,,1000.0,,2.9366925e-05,59.373302,
2000-08-01 00:00:00,1,,1000.0,,2.9366925e-05,59.373302,
2000-09-01 00:00:00,0,,1000.0,,2.7620283e-05,52.060482,
2000-09-01 00:00:00,1,,1000.0,,2.7620283e-05,52.060482,
2000-10-01 00:00:00,0,,1000.0,,2.6458585e-05,54.375866,
2000-10-01 00:00:00,1,,1000.0,,2.6458585e-05,54.375866,
2000-11-01 00:00:00,0,,1000.0,,2.6450023e-05,50.859222,
2000-11-01 00:00:00,1,,1000.0,,2.6450023e-05,50.859222,
2000-12-01 00:00:00,0,,1000.0,,2.6099762e-05,58.966457,
2000-12-01 00:00:00,1,,1000.0,,2.6099762e-05,58.966457,
2001-01-01 00:00:00,0,,1000.0,,2.588676e-05,38.34962,
2001-01-01 00:00:00,1,,1000.0,,2.588676e-05,38.34962,
2001-02-01 00:00:00,0,,1000.0,,2.6629325e-05,37.584385,
2001-02-01 00:00:00,1,,1000.0,,2.6629325e-05,37.584385,
2001-03-01 00:00:00,0,,1000.0,,2.8014585e-05,46.895813,
2001-03-01 00:00:00,1,,1000.0,,2.8014585e-05,46.895813,
2001-04-01 00:00:00,0,,1000.0,,2.4191186e-05,53.587776,
2001-04-01 00:00:00,1,,1000.0,,2.4191186e-05,53.587776,
2001-05-01 00:00:00,0,,1000.0,,2.4354436e-05,48.153313,
2001-05-01 00:00:00,1,,1000.0,,2.4354436e-05,48.153313,
2001-06-01 00:00:00,0,,1000.0,,2.9014493e-05,63.380646,
2001-06-01 00:00:00,1,,1000.0,,2.9014493e-05,63.380646,
2001-07-01 00:00:00,0,,1000.0,,2.8409566e-05,73.53942,
2001-07-01 00:00:00,1,,1000.0,,2.8409566e-05,73.53942,
2001-08-01 00:00:00,0,,1000.0,,2.5489142e-05,68.80735,
2001-08-01 00:00:00,1,,1000.0,,2.5489142e-05,68.80735,
2001-09-01 00:00:00,0,,1000.0,,2.6759379e-05,60.294235,
2001-09-01 00:00:00,1,,1000.0,,2.6759379e-05,60.294235,
2001-10-01 00:00:00,0,,1000.0,,2.4990419e-05,58.135216,
2001-10-01 00:00:00,1,,1000.0,,2.4990419e-05,58.135216,
2001-11-01 00:00:00,0,,1000.0,,2.5442383e-05,56.521336,
2001-11-01 00:00:00,1,,1000.0,,2.5442383e-05,56.521336,
2001-12-01 00:00:00,0,,1000.0,,2.534336e-05,52.591908,
2001-12-01 00:00:00,1,,1000.0,,2.534336e-05,52.591908,
2002-01-01 00:00:00,0,,1000.0,,2.516006e-05,53.07275,
2002-01-01 00:00:00,1,,1000.0,,2.516006e-05,53.07275,
2002-02-01 00:00:00,0,,1000.0,,2.6611124e-05,43.82222,
2002-02-01 00:00:00,1,,1000.0,,2.6611124e-05,43.82222,
2002-03-01 00:00:00,0,,1000.0,,2.613062e-05,33.042454,
2002-03-01 00:00:00,1,,1000.0,,2.613062e-05,33.042454,
2002-04-01 00:00:00,0,,1000.0,,2.5551084e-05,58.027107,
2002-04-01 00:00:00,1,,1000.0,,2.5551084e-05,58.027107,
2002-05-01 00:00:00,0,,1000.0,,2.5452726e-05,51.551582,
2002-05-01 00:00:00,1,,1000.0,,2.5452726e-05,51.551582,
2002-06-01 00:00:00,0,,1000.0,,2.7593167e-05,61.684254,
2002-06-01 00:00:00,1,,1000.0,,2.7593167e-05,61.684254,
2002-07-01 00:00:00,0,,1000.0,,2.7928452e-05,64.93374,
2002-07-01 00:00:00,1,,1000.0,,2.7928452e-05,64.93374,
2002-08-01 00:00:00,0,,1000.0,,2.9093926e-05,66.408295,
2002-08-01 00:00:00,1,,1000.0,,2.9093926e-05,66.408295,
2002-08-06 15:17:05,0,,1000.0,,,,19.891338
2002-08-06 15:17:05,1,,1000.0,,,,19.891338
2002-09-01 00:00:00,0,288.54077,1000.0,2002-09-01 00:00:00,2.636694e-05,57.50511,
2002-09-01 00:00:00,1,288.54077,1000.0,2002-09-30 23:59:59,2.636694e-05,57.50511,
2002-09-01 00:45:00,0,,1000.0,,,,19.930836
2002-09-01 00:45:00,1,,1000.0,,,,19.930836
2002-10-01 00:00:00,0,287.5148,1000.0,2002-10-01 00:00:00,2.5475023e-05,61.382217,
2002-10-01 00:00:00,1,287.5148,1000.0,2002-10-31 23:59:59,2.5475023e-05,61.382217,
2002-10-01 00:30:01,0,,1000.0,,,,19.909216
2002-10-01 00:30:01,1,,1000.0,,,,19.909216
2002-11-01 00:00:00,0,286.98886,1000.0,2002-11-01 00:00:00,2.3224686e-05,64.99661,
2002-11-01 00:00:00,1,286.98886,1000.0,2002-11-30 23:59:59,2.3224686e-05,64.99661,
2002-11-01 00:20:01,0,,1000.0,,,,19.78943
2002-11-01 00:20:01,1,,1000.0,,,,19.78943
2002-12-01 00:00:00,0,286.69373,1000.0,2002-12-01 00:00:00,2.5819842e-05,44.581547,19.579863
2002-12-01 00:00:00,1,286.69373,1000.0,2002-12-31 23:59:59,2.5819842e-05,44.581547,19.579863
2003-01-01 00:00:00,0,286.20544,1000.0,2003-01-01 00:00:00,2.4307206e-05,63.699097,
2003-01-01 00:00:00,1,286.20544,1000.0,2003-01-31 23:59:59,2.4307206e-05,63.699097,
2003-01-01 00:50:01,0,,1000.0,,,,19.533726
2003-01-01 00:50:01,1,,1000.0,,,,19.533726
2003-02-01 00:00:00,0,286.7593,1000.0,2003-02-01 00:00:00,2.6507618e-05,31.409027,
2003-02-01 00:00:00,1,286.7593,1000.0,2003-02-28 23:59:59,2.6507618e-05,31.409027,
2003-02-01 00:10:01,0,,1000.0,,,,19.809336
2003-02-01 00:10:01,1,,1000.0,,,,19.809336
2003-03-01 00:00:00,0,287.04413,1000.0,2003-03-01 00:00:00,2.5792395e-05,54.05022,
2003-03-01 00:00:00,1,287.04413,1000.0,2003-03-31 23:59:59,2.5792395e-05,54.05022,
2003-03-01 00:35:00,0,,1000.0,,,,19.927248
2003-03-01 00:35:00,1,,1000.0,,,,19.927248
2003-04-01 00:00:00,0,288.1528,1000.0,2003-04-01 00:00:00,2.4272362e-05,56.667126,
2003-04-01 00:00:00,1,288.1528,1000.0,2003-04-30 23:59:59,2.4272362e-05,56.667126,
2003-04-01 00:25:01,0,,1000.0,,,,19.950165
2003-04-01 00:25:01,1,,1000.0,,,,19.950165
2003-05-01 00:00:00,0,288.42554,1000.0,2003-05-01 00:00:00,2.3776824e-05,59.866127,
2003-05-01 00:00:00,1,288.42554,1000.0,2003-05-31 23:59:59,2.3776824e-05,59.866127,
2003-05-01 00:35:00,0,,1000.0,,,,19.942001
2003-05-01 00:35:00,1,,1000.0,,,,19.942001
2003-06-01 00:00:00,0,288.50705,1000.0,2003-06-01 00:00:00,2.8694552e-05,72.391,19.91459
2003-06-01 00:00:00,1,288.50705,1000.0,2003-06-30 23:59:59,2.8694552e-05,72.391,19.91459
2003-07-01 00:00:00,0,288.75613,1000.0,2003-07-01 00:00:00,2.950183e-05,80.75123,
2003-07-01 00:00:00,1,288.75613,1000.0,2003-07-31 23:59:59,2.950183e-05,80.75123,
2003-07-01 00:10:01,0,,1000.0,,,,19.937311
2003-07-01 00:10:01,1,,1000.0,,,,19.937311
2003-08-01 00:00:00,0,289.17218,1000.0,2003-08-01 00:00:00,2.9605475e-05,76.175156,
2003-08-01 00:00:00,1,289.17218,1000.0,2003-08-31 23:59:59,2.9605475e-05,76.175156,
2003-08-01 00:50:00,0,,1000.0,,,,20.1155
2003-08-01 00:50:00,1,,1000.0,,,,20.1155
2003-09-01 00:00:00,0,288.7192,1000.0,2003-09-01 00:00:00,2.736061e-05,72.21922,
2003-09-01 00:00:00,1,288.7192,1000.0,2003-09-30 23:59:59,2.736061e-05,72.21922,
2003-09-01 00:20:01,0,,1000.0,,,,20.059399
2003-09-01 00:20:01,1,,1000.0,,,,20.059399
2003-10-01 00:00:00,0,287.9362,1000.0,2003-10-01 00:00:00,2.4848605e-05,75.42528,
2003-10-01 00:00:00,1,287.9362,1000.0,2003-10-31 23:59:59,2.4848605e-05,75.42528,
2003-10-01 00:30:01,0,,1000.0,,,,20.023449
2003-10-01 00:30:01,1,,1000.0,,,,20.023449
2003-11-01 00:00:00,0,287.27066,1000.0,2003-11-01 00:00:00,2.3021501e-05,54.691013,19.845606
2003-11-01 00:00:00,1,287.27066,1000.0,2003-11-30 23:59:59,2.3021501e-05,54.691013,19.845606
2003-12-01 00:00:00,0,286.28577,1000.0,2003-12-01 00:00:00,2.4533576e-05,62.134117,
2003-12-01 00:00:00,1,286.28577,1000.0,2003-12-31 23:59:59,2.4533576e-05,62.134117,
2003-12-01 00:05:00,0,,1000.0,,,,19.52751
2003-12-01 00:05:00,1,,1000.0,,,,19.52751
2004-01-01 00:00:00,0,286.81403,1000.0,2004-01-01 00:00:00,2.7200897e-05,54.857956,
2004-01-01 00:00:00,1,286.81403,1000.0,2004-01-31 23:59:59,2.7200897e-05,54.857956,
2004-01-01 00:20:01,0,,1000.0,,,,19.59332
2004-01-01 00:20:01,1,,1000.0,,,,19.59332
2004-02-01 00:00:00,0,286.76566,1000.0,2004-02-01 00:00:00,2.703086e-05,46.850834,
2004-02-01 00:00:00,1,286.76566,1000.0,2004-02-29 23:59:59,2.703086e-05,46.850834,
2004-02-01 00:15:00,0,,1000.0,,,,19.757956
2004-02-01 00:15:00,1,,1000.0,,,,19.757956
2004-03-01 00:00:00,0,287.13217,1000.0,2004-03-01 00:00:00,2.5255391e-05,50.528713,
2004-03-01 00:00:00,1,287.13217,1000.0,2004-03-31 23:59:59,2.5255391e-05,50.528713,
2004-03-01 00:45:01,0,,1000.0,,,,19.859222
2004-03-01 00:45:01,1,,1000.0,,,,19.859222
2004-04-01 00:00:00,0,287.59467,1000.0,2004-04-01 00:00:00,2.5302346e-05,50.110268,
2004-04-01 00:00:00,1,287.59467,1000.0,2004-04-30 23:59:59,2.5302346e-05,50.110268,
2004-04-01 00:05:01,0,,1000.0,,,,20.092241
2004-04-01 00:05:01,1,,1000.0,,,,20.092241
2004-05-01 00:00:00,0,287.93164,1000.0,2004-05-01 00:00:00,2.626496e-05,57.824043,
2004-05-01 00:00:00,1,287.93164,1000.0,2004-05-31 23:59:59,2.626496e-05,57.824043,
2004-05-01 00:45:01,0,,1000.0,,,,20.023293
2004-05-01 00:45:01,1,,1000.0,,,,20.023293
2004-06-01 00:00:00,0,288.71478,1000.0,2004-06-01 00:00:00,2.6711545e-05,79.664734,
2004-06-01 00:00:00,1,288.71478,1000.0,2004-06-30 23:59:59,2.6711545e-05,79.664734,
2004-06-01 00:10:00,0,,1000.0,,,,19.824678
2004-06-01 00:10:00,1,,1000.0,,,,19.824678
2004-07-01 00:00:00,0,288.6401,1000.0,2004-07-01 00:00:00,3.0382707e-05,85.094,
2004-07-01 00:00:00,1,288.6401,1000.0,2004-07-31 23:59:59,3.0382707e-05,85.094,
2004-07-01 00:20:01,0,,1000.0,,,,20.070282
2004-07-01 00:20:01,1,,1000.0,,,,20.070282
2004-08-01 00:00:00,0,288.47266,1000.0,2004-08-01 00:00:00,2.738534e-05,83.23742,
2004-08-01 00:00:00,1,288.47266,1000.0,2004-08-31 23:59:59,2.738534e-05,83.23742,
2004-08-01 01:00:00,0,,1000.0,,,,20.132637
2004-08-01 01:00:00,1,,1000.0,,,,20.132637
2004-09-01 00:00:00,0,288.4929,1000.0,2004-09-01 00:00:00,2.7063712e-05,82.97153,
2004-09-01 00:00:00,1,288.4929,1000.0,2004-09-30 23:59:59,2.7063712e-05,82.97153,
2004-09-01 00:30:01,0,,1000.0,,,,20.086996
2004-09-01 00:30:01,1,,1000.0,,,,20.086996
2004-10-01 00:00:00,0,287.96332,1000.0,2004-10-01 00:00:00,2.4674095e-05,74.61831,
2004-10-01 00:00:00,1,287.96332,1000.0,2004-10-31 23:59:59,2.4674095e-05,74.61831,
2004-10-01 00:10:00,0,,1000.0,,,,19.991903
2004-10-01 00:10:00,1,,1000.0,,,,19.991903
2004-11-01 00:00:00,0,287.0031,1000.0,2004-11-01 00:00:00,2.5622958e-05,73.45951,
2004-11-01 00:00:00,1,287.0031,1000.0,2004-11-30 23:59:59,2.5622958e-05,73.45951,
2004-11-01 00:05:01,0,,1000.0,,,,19.837925
2004-11-01 00:05:01,1,,1000.0,,,,19.837925
2004-12-01 00:00:00,0,286.27405,1000.0,2004-12-01 00:00:00,2.5448844e-05,71.875275,
2004-12-01 00:00:00,1,286.27405,1000.0,2004-12-31 23:59:59,2.5448844e-05,71.875275,
2004-12-01 00:15:01,0,,1000.0,,,,19.577398
2004-12-01 00:15:01,1,,1000.0,,,,19.577398
2005-01-01 00:00:00,0,286.4515,1000.0,2005-01-01 00:00:00,2.5725813e-05,55.09108,
2005-01-01 00:00:00,1,286.4515,1000.0,2005-01-31 23:59:59,2.5725813e-05,55.09108,
2005-01-01 00:35:01,0,,1000.0,,,,19.51632
2005-01-01 00:35:01,1,,1000.0,,,,19.51632
2005-02-01 00:00:00,0,286.86575,1000.0,2005-02-01 00:00:00,2.3653258e-05,62.256042,
2005-02-01 00:00:00,1,286.86575,1000.0,2005-02-28 23:59:59,2.3653258e-05,62.256042,
2005-02-01 00:25:01,0,,1000.0,,,,19.589834
2005-02-01 00:25:01,1,,1000.0,,,,19.589834
2005-03-01 00:00:00,0,287.1223,1000.0,2005-03-01 00:00:00,2.6854035e-05,46.725975,
2005-03-01 00:00:00,1,287.1223,1000.0,2005-03-31 23:59:59,2.6854035e-05,46.725975,
2005-03-01 00:15:01,0,,1000.0,,,,19.856863
2005-03-01 00:15:01,1,,1000.0,,,,19.856863
2005-04-01 00:00:00,0,287.83322,1000.0,2005-04-01 00:00:00,2.3610077e-05,52.12686,
2005-04-01 00:00:00,1,287.83322,1000.0,2005-04-30 23:59:59,2.3610077e-05,52.12686,
2005-04-01 00:10:00,0,,1000.0,,,,19.964222
2005-04-01 00:10:00,1,,1000.0,,,,19.964222
2005-05-01 00:00:00,0,288.015,1000.0,2005-05-01 00:00:00,2.5670992e-05,58.176804,
2005-05-01 00:00:00,1,288.015,1000.0,2005-05-31 23:59:59,2.5670992e-05,58.176804,
2005-05-01 00:20:01,0,,1000.0,,,,19.85741
2005-05-01 00:20:01,1,,1000.0,,,,19.85741
2005-06-01 00:00:00,0,288.1509,1000.0,2005-06-01 00:00:00,2.796949e-05,65.16504,
2005-06-01 00:00:00,1,288.1509,1000.0,2005-06-30 23:59:59,2.796949e-05,65.16504,
2005-06-01 01:00:01,0,,1000.0,,,,19.77547
2005-06-01 01:00:01,1,,1000.0,,,,19.77547
2005-07-01 00:00:00,0,288.54904,1000.0,2005-07-01 00:00:00,2.9494564e-05,83.575775,
2005-07-01 00:00:00,1,288.54904,1000.0,2005-07-31 23:59:59,2.9494564e-05,83.575775,
2005-07-01 00:00:01,0,,1000.0,,,,19.935104
2005-07-01 00:00:01,1,,1000.0,,,,19.935104
2005-08-01 00:00:00,0,288.69308,1000.0,2005-08-01 00:00:00,2.8775888e-05,71.80206,
2005-08-01 00:00:00,1,288.69308,1000.0,2005-08-31 23:59:59,2.8775888e-05,71.80206,
2005-08-01 00:35:00,0,,1000.0,,,,20.07004
2005-08-01 00:35:00,1,,1000.0,,,,20.07004
2005-09-01 00:00:00,0,288.70337,1000.0,2005-09-01 00:00:00,2.6283138e-05,79.267876,20.079844
2005-09-01 00:00:00,1,288.70337,1000.0,2005-09-30 23:59:59,2.6283138e-05,79.267876,20.079844
2005-10-01 00:00:00,0,287.81857,1000.0,2005-10-01 00:00:00,2.5349664e-05,55.69763,
2005-10-01 00:00:00,1,287.81857,1000.0,2005-10-31 23:59:59,2.5349664e-05,55.69763,
2005-10-01 00:10:01,0,,1000.0,,,,19.917877
2005-10-01 00:10:01,1,,1000.0,,,,19.917877
2005-11-01 00:00:00,0,287.13214,1000.0,2005-11-01 00:00:00,2.3868717e-05,63.855137,
2005-11-01 00:00:00,1,287.13214,1000.0,2005-11-30 23:59:59,2.3868717e-05,63.855137,
2005-11-01 00:35:01,0,,1000.0,,,,19.787794
2005-11-01 00:35:01,1,,1000.0,,,,19.787794
2005-12-01 00:00:00,0,286.10034,1000.0,2005-12-01 00:00:00,2.5709049e-05,58.584846,
2005-12-01 00:00:00,1,286.10034,1000.0,2005-12-31 23:59:59,2.5709049e-05,58.584846,
2005-12-01 00:45:01,0,,1000.0,,,,19.452236
2005-12-01 00:45:01,1,,1000.0,,,,19.452236
2006-01-01 00:00:00,0,286.44843,1000.0,2006-01-01 00:00:00,2.7009239e-05,53.996937,
2006-01-01 00:00:00,1,286.44843,1000.0,2006-01-31 23:59:59,2.7009239e-05,53.996937,
2006-01-01 00:00:10,0,,1000.0,,,,19.402166
2006-01-01 00:00:10,1,,1000.0,,,,19.402166
2006-02-01 00:00:00,0,287.26947,1000.0,2006-02-01 00:00:00,2.7000873e-05,60.745316,19.62015
2006-02-01 00:00:00,1,287.26947,1000.0,2006-02-28 23:59:59,2.7000873e-05,60.745316,19.62015
2006-03-01 00:00:00,0,287.30457,1000.0,2006-03-01 00:00:00,2.8797742e-05,37.29033,
2006-03-01 00:00:00,1,287.30457,1000.0,2006-03-31 23:59:59,2.8797742e-05,37.29033,
2006-03-01 00:20:01,0,,1000.0,,,,19.797918
2006-03-01 00:20:01,1,,1000.0,,,,19.797918
2006-04-01 00:00:00,0,287.58228,1000.0,2006-04-01 00:00:00,2.7132472e-05,52.08787,
2006-04-01 00:00:00,1,287.58228,1000.0,2006-04-30 23:59:59,2.7132472e-05,52.08787,
2006-04-01 00:40:01,0,,1000.0,,,,19.932663
2006-04-01 00:40:01,1,,1000.0,,,,19.932663
2006-05-01 00:00:00,0,288.3858,1000.0,2006-05-01 00:00:00,2.5135787e-05,56.69284,
2006-05-01 00:00:00,1,288.3858,1000.0,2006-05-31 23:59:59,2.5135787e-05,56.69284,
2006-05-01 00:00:01,0,,1000.0,,,,19.933006
2006-05-01 00:00:01,1,,1000.0,,,,19.933006
2006-06-01 00:00:00,0,288.53122,1000.0,2006-06-01 00:00:00,2.6979047e-05,59.77651,
2006-06-01 00:00:00,1,288.53122,1000.0,2006-06-30 23:59:59,2.6979047e-05,59.77651,
2006-06-01 00:40:00,0,,1000.0,,,,19.887915
2006-06-01 00:40:00,1,,1000.0,,,,19.887915
2006-07-01 00:00:00,0,288.8503,1000.0,2006-07-01 00:00:00,2.9885281e-05,67.96032,
2006-07-01 00:00:00,1,288.8503,1000.0,2006-07-31 23:59:59,2.9885281e-05,67.96032,
2006-07-01 00:50:01,0,,1000.0,,,,19.877422
2006-07-01 00:50:01,1,,1000.0,,,,19.877422
2006-08-01 00:00:00,0,288.3148,1000.0,2006-08-01 00:00:00,2.9085802e-05,73.07929,
2006-08-01 00:00:00,1,288.3148,1000.0,2006-08-31 23:59:59,2.9085802e-05,73.07929,
2006-08-01 00:15:02,0,,1000.0,,,,20.167059
2006-08-01 00:15:02,1,,1000.0,,,,20.167059
2006-09-01 00:00:00,0,288.0612,1000.0,2006-09-01 00:00:00,2.6869906e-05,75.59687,
2006-09-01 00:00:00,1,288.0612,1000.0,2006-09-30 23:59:59,2.6869906e-05,75.59687,
2006-09-01 00:40:01,0,,1000.0,,,,20.107248
2006-09-01 00:40:01,1,,1000.0,,,,20.107248
2006-10-01 00:00:00,0,287.64337,1000.0,2006-10-01 00:00:00,2.5947982e-05,72.29104,
2006-10-01 00:00:00,1,287.64337,1000.0,2006-10-31 23:59:59,2.5947982e-05,72.29104,
2006-10-01 00:00:02,0,,1000.0,,,,19.958565
2006-10-01 00:00:02,1,,1000.0,,,,19.958565
2006-11-01 00:00:00,0,287.11026,1000.0,2006-11-01 00:00:00,2.6092755e-05,72.46563,
2006-11-01 00:00:00,1,287.11026,1000.0,2006-11-30 23:59:59,2.6092755e-05,72.46563,
2006-11-01 00:05:02,0,,1000.0,,,,19.7649
2006-11-01 00:05:02,1,,1000.0,,,,19.7649
2006-12-01 00:00:00,0,286.72775,1000.0,2006-12-01 00:00:00,2.7022876e-05,61.91993,
2006-12-01 00:00:00,1,286.72775,1000.0,2006-12-31 23:59:59,2.7022876e-05,61.91993,
2006-12-01 00:15:02,0,,1000.0,,,,19.589563
2006-12-01 00:15:02,1,,1000.0,,,,19.589563
2007-01-01 00:00:00,0,286.46478,1000.0,2007-01-01 00:00:00,2.675262e-05,59.651657,
2007-01-01 00:00:00,1,286.46478,1000.0,2007-01-31 23:59:59,2.675262e-05,59.651657,
2007-01-01 00:10:01,0,,1000.0,,,,19.425005
2007-01-01 00:10:01,1,,1000.0,,,,19.425005
2007-02-01 00:00:00,0,286.98544,1000.0,2007-02-01 00:00:00,2.5698437e-05,52.067814,
2007-02-01 00:00:00,1,286.98544,1000.0,2007-02-28 23:59:59,2.5698437e-05,52.067814,
2007-02-01 00:30:02,0,,1000.0,,,,19.742598
2007-02-01 00:30:02,1,,1000.0,,,,19.742598
2007-03-01 00:00:00,0,286.96075,1000.0,2007-03-01 00:00:00,2.6420434e-05,38.99277,
2007-03-01 00:00:00,1,286.96075,1000.0,2007-03-31 23:59:59,2.6420434e-05,38.99277,
2007-03-01 00:00:02,0,,1000.0,,,,19.778183
2007-03-01 00:00:02,1,,1000.0,,,,19.778183
2007-04-01 00:00:00,0,287.34613,1000.0,2007-04-01 00:00:00,2.529533e-05,55.961605,
2007-04-01 00:00:00,1,287.34613,1000.0,2007-04-30 23:59:59,2.529533e-05,55.961605,
2007-04-01 00:15:02,0,,1000.0,,,,19.96523
2007-04-01 00:15:02,1,,1000.0,,,,19.96523
2007-05-01 00:00:00,0,288.13364,1000.0,2007-05-01 00:00:00,2.5474428e-05,57.992264,
2007-05-01 00:00:00,1,288.13364,1000.0,2007-05-31 23:59:59,2.5474428e-05,57.992264,
2007-05-01 00:50:01,0,,1000.0,,,,20.01625
2007-05-01 00:50:01,1,,1000.0,,,,20.01625
2007-06-01 00:00:00,0,288.1557,1000.0,2007-06-01 00:00:00,2.8569188e-05,64.82313,
2007-06-01 00:00:00,1,288.1557,1000.0,2007-06-30 23:59:59,2.8569188e-05,64.82313,
2007-06-01 00:15:01,0,,1000.0,,,,19.771828
2007-06-01 00:15:01,1,,1000.0,,,,19.771828
2007-07-01 00:00:00,0,288.26932,1000.0,2007-07-01 00:00:00,3.0820287e-05,76.28347,
2007-07-01 00:00:00,1,288.26932,1000.0,2007-07-31 23:59:59,3.0820287e-05,76.28347,
2007-07-01 00:25:02,0,,1000.0,,,,19.83594
2007-07-01 00:25:02,1,,1000.0,,,,19.83594
2007-08-01 00:00:00,0,288.51328,1000.0,2007-08-01 00:00:00,3.1028598e-05,77.58395,
2007-08-01 00:00:00,1,288.51328,1000.0,2007-08-31 23:59:59,3.1028598e-05,77.58395,
2007-08-01 00:00:01,0,,1000.0,,,,19.89205
2007-08-01 00:00:01,1,,1000.0,,,,19.89205
2007-09-01 00:00:00,0,288.2651,1000.0,2007-09-01 00:00:00,2.7357642e-05,69.36362,
2007-09-01 00:00:00,1,288.2651,1000.0,2007-09-30 23:59:59,2.7357642e-05,69.36362,
2007-09-01 00:35:01,0,,1000.0,,,,19.95047
2007-09-01 00:35:01,1,,1000.0,,,,19.95047
2007-10-01 00:00:00,0,287.39514,1000.0,2007-10-01 00:00:00,2.5486279e-05,64.14175,
2007-10-01 00:00:00,1,287.39514,1000.0,2007-10-31 23:59:59,2.5486279e-05,64.14175,
2007-10-01 00:15:01,0,,1000.0,,,,19.782019
2007-10-01 00:15:01,1,,1000.0,,,,19.782019
2007-11-01 00:00:00,0,286.78226,1000.0,2007-11-01 00:00:00,2.441091e-05,66.726906,
2007-11-01 00:00:00,1,286.78226,1000.0,2007-11-30 23:59:59,2.441091e-05,66.726906,
2007-11-01 00:10:01,0,,1000.0,,,,19.634083
2007-11-01 00:10:01,1,,1000.0,,,,19.634083
2007-12-01 00:00:00,0,286.63672,1000.0,2007-12-01 00:00:00,2.5964733e-05,37.66302,
2007-12-01 00:00:00,1,286.63672,1000.0,2007-12-31 23:59:59,2.5964733e-05,37.66302,
2007-12-01 00:20:01,0,,1000.0,,,,19.440084
2007-12-01 00:20:01,1,,1000.0,,,,19.440084
2008-01-01 00:00:00,0,286.35828,1000.0,2008-01-01 00:00:00,2.7763994e-05,61.60346,
2008-01-01 00:00:00,1,286.35828,1000.0,2008-01-31 23:59:59,2.7763994e-05,61.60346,
2008-01-01 00:40:01,0,,1000.0,,,,19.453722
2008-01-01 00:40:01,1,,1000.0,,,,19.453722
2008-02-01 00:00:00,0,286.69223,1000.0,2008-02-01 00:00:00,2.6933643e-05,52.62749,19.610697
2008-02-01 00:00:00,1,286.69223,1000.0,2008-02-29 23:59:59,2.6933643e-05,52.62749,19.610697
2008-03-01 00:00:00,0,287.0469,1000.0,2008-03-01 00:00:00,2.7116545e-05,53.11782,
2008-03-01 00:00:00,1,287.0469,1000.0,2008-03-31 23:59:59,2.7116545e-05,53.11782,
2008-03-01 00:05:00,0,,1000.0,,,,19.900175
2008-03-01 00:05:00,1,,1000.0,,,,19.900175
2008-04-01 00:00:00,0,287.36517,1000.0,2008-04-01 00:00:00,2.3437971e-05,56.67281,
2008-04-01 00:00:00,1,287.36517,1000.0,2008-04-30 23:59:59,2.3437971e-05,56.67281,
2008-04-01 00:25:01,0,,1000.0,,,,20.018517
2008-04-01 00:25:01,1,,1000.0,,,,20.018517
2008-05-01 00:00:00,0,287.6878,1000.0,2008-05-01 00:00:00,2.4412066e-05,56.748447,
2008-05-01 00:00:00,1,287.6878,1000.0,2008-05-31 23:59:59,2.4412066e-05,56.748447,
2008-05-01 01:00:01,0,,1000.0,,,,19.926105
2008-05-01 01:00:01,1,,1000.0,,,,19.926105
2008-06-01 00:00:00,0,288.53555,1000.0,2008-06-01 00:00:00,2.875275e-05,70.59847,
2008-06-01 00:00:00,1,288.53555,1000.0,2008-06-30 23:59:59,2.875275e-05,70.59847,
2008-06-01 00:25:01,0,,1000.0,,,,19.750196
2008-06-01 00:25:01,1,,1000.0,,,,19.750196
2008-07-01 00:00:00,0,288.36563,1000.0,2008-07-01 00:00:00,3.1724e-05,82.5363,
2008-07-01 00:00:00,1,288.36563,1000.0,2008-07-31 23:59:59,3.1724e-05,82.5363,
2008-07-01 00:35:00,0,,1000.0,,,,19.829525
2008-07-01 00:35:00,1,,1000.0,,,,19.829525
2008-08-01 00:00:00,0,288.35114,1000.0,2008-08-01 00:00:00,3.060333e-05,88.598114,19.956543
2008-08-01 00:00:00,1,288.35114,1000.0,2008-08-31 23:59:59,3.060333e-05,88.598114,19.956543
2008-09-01 00:00:00,0,288.48608,1000.0,2008-09-01 00:00:00,2.7637348e-05,80.67105,
2008-09-01 00:00:00,1,288.48608,1000.0,2008-09-30 23:59:59,2.7637348e-05,80.67105,
2008-09-01 00:45:00,0,,1000.0,,,,19.950663
2008-09-01 00:45:00,1,,1000.0,,,,19.950663
2008-10-01 00:00:00,0,288.22296,1000.0,2008-10-01 00:00:00,2.575627e-05,69.856674,
2008-10-01 00:00:00,1,288.22296,1000.0,2008-10-31 23:59:59,2.575627e-05,69.856674,
2008-10-01 00:30:00,0,,1000.0,,,,19.895624
2008-10-01 00:30:00,1,,1000.0,,,,19.895624
2008-11-01 00:00:00,0,287.2665,1000.0,2008-11-01 00:00:00,2.578359e-05,56.433212,
2008-11-01 00:00:00,1,287.2665,1000.0,2008-11-30 23:59:59,2.578359e-05,56.433212,
2008-11-01 00:25:01,0,,1000.0,,,,19.79757
2008-11-01 00:25:01,1,,1000.0,,,,19.79757
2008-12-01 00:00:00,0,286.93835,1000.0,2008-12-01 00:00:00,2.5727428e-05,49.845936,19.490393
2008-12-01 00:00:00,1,286.93835,1000.0,2008-12-31 23:59:59,2.5727428e-05,49.845936,19.490393
2009-01-01 00:00:00,0,286.76,1000.0,2009-01-01 00:00:00,2.656027e-05,66.93444,
2009-01-01 00:00:00,1,286.76,1000.0,2009-01-31 23:59:59,2.656027e-05,66.93444,
2009-01-01 00:00:01,0,,1000.0,,,,19.589304
2009-01-01 00:00:01,1,,1000.0,,,,19.589304
2009-02-01 00:00:00,0,287.7975,1000.0,2009-02-01 00:00:00,2.7404409e-05,37.543617,
2009-02-01 00:00:00,1,287.7975,1000.0,2009-02-28 23:59:59,2.7404409e-05,37.543617,
2009-02-01 00:15:00,0,,1000.0,,,,19.749191
2009-02-01 00:15:00,1,,1000.0,,,,19.749191
2009-03-01 00:00:00,0,287.18143,1000.0,2009-03-01 00:00:00,2.662254e-05,38.01848,
2009-03-01 00:00:00,1,287.18143,1000.0,2009-03-31 23:59:59,2.662254e-05,38.01848,
2009-03-01 00:40:01,0,,1000.0,,,,19.93119
2009-03-01 00:40:01,1,,1000.0,,,,19.93119
2009-04-01 00:00:00,0,287.48346,1000.0,2009-04-01 00:00:00,2.5450407e-05,60.03341,
2009-04-01 00:00:00,1,287.48346,1000.0,2009-04-30 23:59:59,2.5450407e-05,60.03341,
2009-04-01 00:00:01,0,,1000.0,,,,20.164492
2009-04-01 00:00:01,1,,1000.0,,,,20.164492
2009-05-01 00:00:00,0,287.93967,1000.0,2009-05-01 00:00:00,2.4212359e-05,62.54816,
2009-05-01 00:00:00,1,287.93967,1000.0,2009-05-31 23:59:59,2.4212359e-05,62.54816,
2009-05-01 00:40:01,0,,1000.0,,,,20.054054
2009-05-01 00:40:01,1,,1000.0,,,,20.054054
2009-06-01 00:00:00,0,288.16815,1000.0,2009-06-01 00:00:00,2.6075732e-05,76.13538,
2009-06-01 00:00:00,1,288.16815,1000.0,2009-06-30 23:59:59,2.6075732e-05,76.13538,
2009-06-01 00:05:00,0,,1000.0,,,,19.987328
2009-06-01 00:05:00,1,,1000.0,,,,19.987328
2009-07-01 00:00:00,0,288.43286,1000.0,2009-07-01 00:00:00,2.9526103e-05,74.9916,
2009-07-01 00:00:00,1,288.43286,1000.0,2009-07-31 23:59:59,2.9526103e-05,74.9916,
2009-07-01 00:15:01,0,,1000.0,,,,19.982138
2009-07-01 00:15:01,1,,1000.0,,,,19.982138
2009-08-01 00:00:00,0,288.3134,1000.0,2009-08-01 00:00:00,2.8504144e-05,86.31715,
2009-08-01 00:00:00,1,288.3134,1000.0,2009-08-31 23:59:59,2.8504144e-05,86.31715,
2009-08-01 01:00:00,0,,1000.0,,,,20.175228
2009-08-01 01:00:00,1,,1000.0,,,,20.175228
2009-09-01 00:00:00,0,287.86926,1000.0,2009-09-01 00:00:00,2.5025312e-05,72.87464,
2009-09-01 00:00:00,1,287.86926,1000.0,2009-09-30 23:59:59,2.5025312e-05,72.87464,
2009-09-01 00:25:00,0,,1000.0,,,,20.059788
2009-09-01 00:25:00,1,,1000.0,,,,20.059788
2009-10-01 00:00:00,0,287.83694,1000.0,2009-10-01 00:00:00,2.5429192e-05,61.11941,19.96342
2009-10-01 00:00:00,1,287.83694,1000.0,2009-10-31 23:59:59,2.5429192e-05,61.11941,19.96342
2009-11-01 00:00:00,0,286.8516,1000.0,2009-11-01 00:00:00,2.4116238e-05,96.05042,
2009-11-01 00:00:00,1,286.8516,1000.0,2009-11-30 23:59:59,2.4116238e-05,96.05042,
2009-11-01 00:00:01,0,,1000.0,,,,19.840067
2009-11-01 00:00:01,1,,1000.0,,,,19.840067
2009-12-01 00:00:00,0,287.00104,1000.0,2009-12-01 00:00:00,2.7114667e-05,40.375565,
2009-12-01 00:00:00,1,287.00104,1000.0,2009-12-31 23:59:59,2.7114667e-05,40.375565,
2009-12-01 00:10:01,0,,1000.0,,,,19.66033
2009-12-01 00:10:01,1,,1000.0,,,,19.66033
2010-01-01 00:00:00,0,286.49738,1000.0,2010-01-01 00:00:00,2.8648079e-05,65.79832,
2010-01-01 00:00:00,1,286.49738,1000.0,2010-01-31 23:59:59,2.8648079e-05,65.79832,
2010-01-01 00:25:01,0,,1000.0,,,,19.626242
2010-01-01 00:25:01,1,,1000.0,,,,19.626242
2010-02-01 00:00:00,0,286.6908,1000.0,2010-02-01 00:00:00,2.7492613e-05,58.482193,
2010-02-01 00:00:00,1,286.6908,1000.0,2010-02-28 23:59:59,2.7492613e-05,58.482193,
2010-02-01 00:20:01,0,,1000.0,,,,19.834454
2010-02-01 00:20:01,1,,1000.0,,,,19.834454
2010-03-01 00:00:00,0,287.3413,1000.0,2010-03-01 00:00:00,2.4867857e-05,43.911133,
2010-03-01 00:00:00,1,287.3413,1000.0,2010-03-31 23:59:59,2.4867857e-05,43.911133,
2010-03-01 00:10:01,0,,1000.0,,,,20.01558
2010-03-01 00:10:01,1,,1000.0,,,,20.01558
2010-04-01 00:00:00,0,288.01788,1000.0,2010-04-01 00:00:00,2.5302827e-05,46.99924,20.146706
2010-04-01 00:00:00,1,288.01788,1000.0,2010-04-30 23:59:59,2.5302827e-05,46.99924,20.146706
2010-05-01 00:00:00,0,288.26782,1000.0,2010-05-01 00:00:00,2.6039901e-05,54.143837,
2010-05-01 00:00:00,1,288.26782,1000.0,2010-05-31 23:59:59,2.6039901e-05,54.143837,
2010-05-01 00:15:01,0,,1000.0,,,,20.088291
2010-05-01 00:15:01,1,,1000.0,,,,20.088291
2010-06-01 00:00:00,0,288.98306,1000.0,2010-06-01 00:00:00,2.7620728e-05,75.32809,
2010-06-01 00:00:00,1,288.98306,1000.0,2010-06-30 23:59:59,2.7620728e-05,75.32809,
2010-06-01 00:55:01,0,,1000.0,,,,19.840832
2010-06-01 00:55:01,1,,1000.0,,,,19.840832
2010-07-01 00:00:00,0,289.2292,1000.0,2010-07-01 00:00:00,3.303753e-05,87.72025,
2010-07-01 00:00:00,1,289.2292,1000.0,2010-07-31 23:59:59,3.303753e-05,87.72025,
2010-07-01 01:05:00,0,,1000.0,,,,20.038141
2010-07-01 01:05:00,1,,1000.0,,,,20.038141
2010-08-01 00:00:00,0,289.07584,1000.0,2010-08-01 00:00:00,3.1225994e-05,92.84425,
2010-08-01 00:00:00,1,289.07584,1000.0,2010-08-31 23:59:59,3.1225994e-05,92.84425,
2010-08-01 00:30:01,0,,1000.0,,,,20.111511
2010-08-01 00:30:01,1,,1000.0,,,,20.111511
2010-09-01 00:00:00,0,288.30292,1000.0,2010-09-01 00:00:00,2.9782846e-05,70.07059,
2010-09-01 00:00:00,1,288.30292,1000.0,2010-09-30 23:59:59,2.9782846e-05,70.07059,
2010-09-01 00:00:01,0,,1000.0,,,,20.011353
2010-09-01 00:00:01,1,,1000.0,,,,20.011353
2010-10-01 00:00:00,0,287.79825,1000.0,2010-10-01 00:00:00,2.5447556e-05,82.31945,
2010-10-01 00:00:00,1,287.79825,1000.0,2010-10-31 23:59:59,2.5447556e-05,82.31945,
2010-10-01 00:05:01,0,,1000.0,,,,19.862663
2010-10-01 00:05:01,1,,1000.0,,,,19.862663
2010-11-01 00:00:00,0,287.18777,1000.0,2010-11-01 00:00:00,2.6996242e-05,47.049904,
2010-11-01 00:00:00,1,287.18777,1000.0,2010-11-30 23:59:59,2.6996242e-05,47.049904,
2010-11-01 00:25:01,0,,1000.0,,,,19.687277
2010-11-01 00:25:01,1,,1000.0,,,,19.687277
2010-12-01 00:00:00,0,286.41763,1000.0,2010-12-01 00:00:00,2.7433814e-05,53.868256,
2010-12-01 00:00:00,1,286.41763,1000.0,2010-12-31 23:59:59,2.7433814e-05,53.868256,
2010-12-01 00:35:01,0,,1000.0,,,,19.428102
2010-12-01 00:35:01,1,,1000.0,,,,19.428102
2011-01-01 00:00:00,0,286.2521,1000.0,2011-01-01 00:00:00,2.6876623e-05,57.97919,
2011-01-01 00:00:00,1,286.2521,1000.0,2011-01-31 23:59:59,2.6876623e-05,57.97919,
2011-01-01 00:25:01,0,,1000.0,,,,19.346367
2011-01-01 00:25:01,1,,1000.0,,,,19.346367
2011-02-01 00:00:00,0,286.66116,1000.0,2011-02-01 00:00:00,2.9959678e-05,40.022686,
2011-02-01 00:00:00,1,286.66116,1000.0,2011-02-28 23:59:59,2.9959678e-05,40.022686,
2011-02-01 00:50:00,0,,1000.0,,,,19.673147
2011-02-01 00:50:00,1,,1000.0,,,,19.673147
2011-03-01 00:00:00,0,286.9167,1000.0,2011-03-01 00:00:00,2.9380444e-05,44.790928,
2011-03-01 00:00:00,1,286.9167,1000.0,2011-03-31 23:59:59,2.9380444e-05,44.790928,
2011-03-01 00:10:01,0,,1000.0,,,,19.809565
2011-03-01 00:10:01,1,,1000.0,,,,19.809565
2011-04-01 00:00:00,0,287.49954,1000.0,2011-04-01 00:00:00,2.58444e-05,63.540016,
2011-04-01 00:00:00,1,287.49954,1000.0,2011-04-30 23:59:59,2.58444e-05,63.540016,
2011-04-01 00:30:01,0,,1000.0,,,,20.017998
2011-04-01 00:30:01,1,,1000.0,,,,20.017998
2011-05-01 00:00:00,0,288.44623,1000.0,2011-05-01 00:00:00,2.4967281e-05,76.798134,
2011-05-01 00:00:00,1,288.44623,1000.0,2011-05-31 23:59:59,2.4967281e-05,76.798134,
2011-05-01 01:00:00,0,,1000.0,,,,19.870602
2011-05-01 01:00:00,1,,1000.0,,,,19.870602
2011-06-01 00:00:00,0,288.3104,1000.0,2011-06-01 00:00:00,2.7495798e-05,77.262405,
2011-06-01 00:00:00,1,288.3104,1000.0,2011-06-30 23:59:59,2.7495798e-05,77.262405,
2011-06-01 00:30:00,0,,1000.0,,,,19.681564
2011-06-01 00:30:00,1,,1000.0,,,,19.681564
2011-07-01 00:00:00,0,288.49133,1000.0,2011-07-01 00:00:00,2.9488754e-05,66.96099,
2011-07-01 00:00:00,1,288.49133,1000.0,2011-07-31 23:59:59,2.9488754e-05,66.96099,
2011-07-01 00:40:01,0,,1000.0,,,,19.728083
2011-07-01 00:40:01,1,,1000.0,,,,19.728083
2011-08-01 00:00:00,0,288.44,1000.0,2011-08-01 00:00:00,2.9168421e-05,68.15289,
2011-08-01 00:00:00,1,288.44,1000.0,2011-08-31 23:59:59,2.9168421e-05,68.15289,
2011-08-01 00:05:01,0,,1000.0,,,,19.906693
2011-08-01 00:05:01,1,,1000.0,,,,19.906693
2011-09-01 00:00:00,0,288.02994,1000.0,2011-09-01 00:00:00,2.7989145e-05,66.532455,
2011-09-01 00:00:00,1,288.02994,1000.0,2011-09-30 23:59:59,2.7989145e-05,66.532455,
2011-09-01 00:50:00,0,,1000.0,,,,19.903278
2011-09-01 00:50:00,1,,1000.0,,,,19.903278
2011-10-01 00:00:00,0,287.62643,1000.0,2011-10-01 00:00:00,2.6278278e-05,62.518524,
2011-10-01 00:00:00,1,287.62643,1000.0,2011-10-31 23:59:59,2.6278278e-05,62.518524,
2011-10-01 00:35:00,0,,1000.0,,,,19.807325
2011-10-01 00:35:00,1,,1000.0,,,,19.807325
2011-11-01 00:00:00,0,286.49597,1000.0,2011-11-01 00:00:00,2.5865622e-05,52.413555,
2011-11-01 00:00:00,1,286.49597,1000.0,2011-11-30 23:59:59,2.5865622e-05,52.413555,
2011-11-01 00:25:01,0,,1000.0,,,,19.681889
2011-11-01 00:25:01,1,,1000.0,,,,19.681889
2011-12-01 00:00:00,0,286.7032,1000.0,2011-12-01 00:00:00,2.4160527e-05,59.814533,
2011-12-01 00:00:00,1,286.7032,1000.0,2011-12-31 23:59:59,2.4160527e-05,59.814533,
2011-12-01 00:05:00,0,,1000.0,,,,19.40824
2011-12-01 00:05:00,1,,1000.0,,,,19.40824
2012-01-01 00:00:00,0,286.8539,1000.0,2012-01-01 00:00:00,2.6020321e-05,46.268875,19.46601
2012-01-01 00:00:00,1,286.8539,1000.0,2012-01-31 23:59:59,2.6020321e-05,46.268875,19.46601
2012-02-01 00:00:00,0,286.67914,1000.0,2012-02-01 00:00:00,2.5541134e-05,49.03104,
2012-02-01 00:00:00,1,286.67914,1000.0,2012-02-29 23:59:59,2.5541134e-05,49.03104,
2012-02-01 00:15:01,0,,1000.0,,,,19.75276
2012-02-01 00:15:01,1,,1000.0,,,,19.75276
2012-03-01 00:00:00,0,287.41483,1000.0,2012-03-01 00:00:00,2.5621393e-05,39.486313,
2012-03-01 00:00:00,1,287.41483,1000.0,2012-03-31 23:59:59,2.5621393e-05,39.486313,
2012-03-01 00:20:01,0,,1000.0,,,,19.86603
2012-03-01 00:20:01,1,,1000.0,,,,19.86603
2012-04-01 00:00:00,0,287.99417,1000.0,2012-04-01 00:00:00,2.5460136e-05,62.135,
2012-04-01 00:00:00,1,287.99417,1000.0,2012-04-30 23:59:59,2.5460136e-05,62.135,
2012-04-01 00:45:01,0,,1000.0,,,,20.087364
2012-04-01 00:45:01,1,,1000.0,,,,20.087364
2012-05-01 00:00:00,0,288.15097,1000.0,2012-05-01 00:00:00,2.4580748e-05,52.52164,
2012-05-01 00:00:00,1,288.15097,1000.0,2012-05-31 23:59:59,2.4580748e-05,52.52164,
2012-05-01 00:00:01,0,,1000.0,,,,19.977024
2012-05-01 00:00:01,1,,1000.0,,,,19.977024
2012-06-01 00:00:00,0,288.35144,1000.0,2012-06-01 00:00:00,2.6501846e-05,62.84041,
2012-06-01 00:00:00,1,288.35144,1000.0,2012-06-30 23:59:59,2.6501846e-05,62.84041,
2012-06-01 00:40:01,0,,1000.0,,,,19.81403
2012-06-01 00:40:01,1,,1000.0,,,,19.81403
2012-07-01 00:00:00,0,288.58502,1000.0,2012-07-01 00:00:00,3.01616e-05,66.23325,
2012-07-01 00:00:00,1,288.58502,1000.0,2012-07-31 23:59:59,3.01616e-05,66.23325,
2012-07-01 00:50:01,0,,1000.0,,,,19.98333
2012-07-01 00:50:01,1,,1000.0,,,,19.98333
2012-08-01 00:00:00,0,288.8548,1000.0,2012-08-01 00:00:00,2.937711e-05,69.55677,
2012-08-01 00:00:00,1,288.8548,1000.0,2012-08-31 23:59:59,2.937711e-05,69.55677,
2012-08-01 00:15:01,0,,1000.0,,,,20.131142
2012-08-01 00:15:01,1,,1000.0,,,,20.131142
2012-09-01 00:00:00,0,288.58783,1000.0,2012-09-01 00:00:00,2.757277e-05,67.601494,
2012-09-01 00:00:00,1,288.58783,1000.0,2012-09-30 23:59:59,2.757277e-05,67.601494,
2012-09-01 00:40:01,0,,1000.0,,,,20.053886
2012-09-01 00:40:01,1,,1000.0,,,,20.053886
2012-10-01 00:00:00,0,288.16028,1000.0,2012-10-01 00:00:00,2.5069185e-05,60.818516,
2012-10-01 00:00:00,1,288.16028,1000.0,2012-10-31 23:59:59,2.5069185e-05,60.818516,
2012-10-01 00:00:01,0,,1000.0,,,,19.931585
2012-10-01 00:00:01,1,,1000.0,,,,19.931585
2012-11-01 00:00:00,0,287.06668,1000.0,2012-11-01 00:00:00,2.4473038e-05,62.883324,
2012-11-01 00:00:00,1,287.06668,1000.0,2012-11-30 23:59:59,2.4473038e-05,62.883324,
2012-11-01 00:05:01,0,,1000.0,,,,19.869429
2012-11-01 00:05:01,1,,1000.0,,,,19.869429
2012-12-01 00:00:00,0,286.30106,1000.0,2012-12-01 00:00:00,2.5593783e-05,35.349236,
2012-12-01 00:00:00,1,286.30106,1000.0,2012-12-31 23:59:59,2.5593783e-05,35.349236,
2012-12-01 00:15:01,0,,1000.0,,,,19.560413
2012-12-01 00:15:01,1,,1000.0,,,,19.560413
2013-01-01 00:00:00,0,286.62518,1000.0,2013-01-01 00:00:00,2.4866224e-05,64.29026,
2013-01-01 00:00:00,1,286.62518,1000.0,2013-01-31 23:59:59,2.4866224e-05,64.29026,
2013-01-01 00:10:01,0,,1000.0,,,,19.509401
2013-01-01 00:10:01,1,,1000.0,,,,19.509401
2013-02-01 00:00:00,0,287.3625,1000.0,2013-02-01 00:00:00,2.548283e-05,54.098255,
2013-02-01 00:00:00,1,287.3625,1000.0,2013-02-28 23:59:59,2.548283e-05,54.098255,
2013-02-01 00:30:00,0,,1000.0,,,,19.7697
2013-02-01 00:30:00,1,,1000.0,,,,19.7697
2013-03-01 00:00:00,0,287.5844,1000.0,2013-03-01 00:00:00,2.6439267e-05,42.91723,
2013-03-01 00:00:00,1,287.5844,1000.0,2013-03-31 23:59:59,2.6439267e-05,42.91723,
2013-03-01 00:00:01,0,,1000.0,,,,19.992006
2013-03-01 00:00:01,1,,1000.0,,,,19.992006
2013-04-01 00:00:00,0,287.98105,1000.0,2013-04-01 00:00:00,2.5393456e-05,41.535706,
2013-04-01 00:00:00,1,287.98105,1000.0,2013-04-30 23:59:59,2.5393456e-05,41.535706,
2013-04-01 00:15:01,0,,1000.0,,,,20.092308
2013-04-01 00:15:01,1,,1000.0,,,,20.092308
2013-05-01 00:00:00,0,288.27164,1000.0,2013-05-01 00:00:00,2.7012598e-05,68.86288,
2013-05-01 00:00:00,1,288.27164,1000.0,2013-05-31 23:59:59,2.7012598e-05,68.86288,
2013-05-01 00:50:01,0,,1000.0,,,,20.090212
2013-05-01 00:50:01,1,,1000.0,,,,20.090212
2013-06-01 00:00:00,0,288.58792,1000.0,2013-06-01 00:00:00,2.8433886e-05,77.96802,
2013-06-01 00:00:00,1,288.58792,1000.0,2013-06-30 23:59:59,2.8433886e-05,77.96802,
2013-06-01 00:15:00,0,,1000.0,,,,19.925915
2013-06-01 00:15:00,1,,1000.0,,,,19.925915
2013-07-01 00:00:00,0,288.71603,1000.0,2013-07-01 00:00:00,3.0882282e-05,82.1288,
2013-07-01 00:00:00,1,288.71603,1000.0,2013-07-31 23:59:59,3.0882282e-05,82.1288,
2013-07-01 00:25:01,0,,1000.0,,,,20.066236
2013-07-01 00:25:01,1,,1000.0,,,,20.066236
2013-08-01 00:00:00,0,288.246,1000.0,2013-08-01 00:00:00,2.958141e-05,84.86039,
2013-08-01 00:00:00,1,288.246,1000.0,2013-08-31 23:59:59,2.958141e-05,84.86039,
2013-08-01 00:00:01,0,,1000.0,,,,20.24836
2013-08-01 00:00:01,1,,1000.0,,,,20.24836
2013-09-01 00:00:00,0,288.03186,1000.0,2013-09-01 00:00:00,2.782297e-05,67.83409,
2013-09-01 00:00:00,1,288.03186,1000.0,2013-09-30 23:59:59,2.782297e-05,67.83409,
2013-09-01 00:35:00,0,,1000.0,,,,20.196012
2013-09-01 00:35:00,1,,1000.0,,,,20.196012
2013-10-01 00:00:00,0,287.85748,1000.0,2013-10-01 00:00:00,2.5067558e-05,73.357025,
2013-10-01 00:00:00,1,287.85748,1000.0,2013-10-31 23:59:59,2.5067558e-05,73.357025,
2013-10-01 00:20:01,0,,1000.0,,,,20.03578
2013-10-01 00:20:01,1,,1000.0,,,,20.03578
2013-11-01 00:00:00,0,287.2982,1000.0,2013-11-01 00:00:00,2.6698102e-05,52.755554,
2013-11-01 00:00:00,1,287.2982,1000.0,2013-11-30 23:59:59,2.6698102e-05,52.755554,
2013-11-01 00:10:00,0,,1000.0,,,,19.967674
2013-11-01 00:10:00,1,,1000.0,,,,19.967674
2013-12-01 00:00:00,0,286.91888,1000.0,2013-12-01 00:00:00,2.5301597e-05,52.92513,
2013-12-01 00:00:00,1,286.91888,1000.0,2013-12-31 23:59:59,2.5301597e-05,52.92513,
2013-12-01 00:20:00,0,,1000.0,,,,19.653881
2013-12-01 00:20:00,1,,1000.0,,,,19.653881
2014-01-01 00:00:00,0,286.52856,1000.0,2014-01-01 00:00:00,2.4515257e-05,51.432816,
2014-01-01 00:00:00,1,286.52856,1000.0,2014-01-31 23:59:59,2.4515257e-05,51.432816,
2014-01-01 00:45:01,0,,1000.0,,,,19.686451
2014-01-01 00:45:01,1,,1000.0,,,,19.686451
2014-02-01 00:00:00,0,286.78848,1000.0,2014-02-01 00:00:00,2.5619549e-05,35.188675,19.862923
2014-02-01 00:00:00,1,286.78848,1000.0,2014-02-28 23:59:59,2.5619549e-05,35.188675,19.862923
2014-03-01 00:00:00,0,287.46844,1000.0,2014-03-01 00:00:00,2.7245464e-05,46.705013,
2014-03-01 00:00:00,1,287.46844,1000.0,2014-03-31 23:59:59,2.7245464e-05,46.705013,
2014-03-01 00:25:01,0,,1000.0,,,,20.079262
2014-03-01 00:25:01,1,,1000.0,,,,20.079262
2014-04-01 00:00:00,0,288.10336,1000.0,2014-04-01 00:00:00,2.4578898e-05,52.35759,
2014-04-01 00:00:00,1,288.10336,1000.0,2014-04-30 23:59:59,2.4578898e-05,52.35759,
2014-04-01 00:15:01,0,,1000.0,,,,20.207876
2014-04-01 00:15:01,1,,1000.0,,,,20.207876
2014-05-01 00:00:00,0,288.4224,1000.0,2014-05-01 00:00:00,2.690908e-05,65.70112,
2014-05-01 00:00:00,1,288.4224,1000.0,2014-05-31 23:59:59,2.690908e-05,65.70112,
2014-05-01 00:25:00,0,,1000.0,,,,20.189768
2014-05-01 00:25:00,1,,1000.0,,,,20.189768
2014-06-01 00:00:00,0,288.8376,1000.0,2014-06-01 00:00:00,2.7093969e-05,67.181335,20.046354
2014-06-01 00:00:00,1,288.8376,1000.0,2014-06-30 23:59:59,2.7093969e-05,67.181335,20.046354
2014-07-01 00:00:00,0,289.00793,1000.0,2014-07-01 00:00:00,2.8164932e-05,88.136,20.135017
2014-07-01 00:00:00,1,289.00793,1000.0,2014-07-31 23:59:59,2.8164932e-05,88.136,20.135017
2014-08-01 00:00:00,0,289.14038,1000.0,2014-08-01 00:00:00,2.89779e-05,70.259514,
2014-08-01 00:00:00,1,289.14038,1000.0,2014-08-31 23:59:59,2.89779e-05,70.259514,
2014-08-01 00:45:01,0,,1000.0,,,,20.296143
2014-08-01 00:45:01,1,,1000.0,,,,20.296143
2014-09-01 00:00:00,0,288.78003,1000.0,2014-09-01 00:00:00,2.7257178e-05,78.77784,
2014-09-01 00:00:00,1,288.78003,1000.0,2014-09-30 23:59:59,2.7257178e-05,78.77784,
2014-09-01 00:10:01,0,,1000.0,,,,20.29055
2014-09-01 00:10:01,1,,1000.0,,,,20.29055
2014-10-01 00:00:00,0,288.14767,1000.0,2014-10-01 00:00:00,2.3858578e-05,71.67001,
2014-10-01 00:00:00,1,288.14767,1000.0,2014-10-31 23:59:59,2.3858578e-05,71.67001,
2014-10-01 00:20:01,0,,1000.0,,,,20.123669
2014-10-01 00:20:01,1,,1000.0,,,,20.123669
2014-11-01 00:00:00,0,287.53287,1000.0,2014-11-01 00:00:00,2.5322477e-05,62.09742,
2014-11-01 00:00:00,1,287.53287,1000.0,2014-11-30 23:59:59,2.5322477e-05,62.09742,
2014-11-01 00:45:01,0,,1000.0,,,,19.98584
2014-11-01 00:45:01,1,,1000.0,,,,19.98584
2014-12-01 00:00:00,0,287.22516,1000.0,2014-12-01 00:00:00,2.4312447e-05,57.125343,
2014-12-01 00:00:00,1,287.22516,1000.0,2014-12-31 23:59:59,2.4312447e-05,57.125343,
2014-12-01 00:00:01,0,,1000.0,,,,19.765978
2014-12-01 00:00:01,1,,1000.0,,,,19.765978
2015-01-01 00:00:00,0,286.83768,1000.0,2015-01-01 00:00:00,2.4928533e-05,56.309357,
2015-01-01 00:00:00,1,286.83768,1000.0,2015-01-31 23:59:59,2.4928533e-05,56.309357,
2015-01-01 00:10:01,0,,1000.0,,,,19.68507
2015-01-01 00:10:01,1,,1000.0,,,,19.68507
2015-02-01 00:00:00,0,287.34503,1000.0,2015-02-01 00:00:00,2.4367311e-05,44.847527,
2015-02-01 00:00:00,1,287.34503,1000.0,2015-02-28 23:59:59,2.4367311e-05,44.847527,
2015-02-01 00:05:00,0,,1000.0,,,,19.93326
2015-02-01 00:05:00,1,,1000.0,,,,19.93326
2015-03-01 00:00:00,0,287.69016,1000.0,2015-03-01 00:00:00,2.5242383e-05,37.70787,
2015-03-01 00:00:00,1,287.69016,1000.0,2015-03-31 23:59:59,2.5242383e-05,37.70787,
2015-03-01 00:25:01,0,,1000.0,,,,20.062805
2015-03-01 00:25:01,1,,1000.0,,,,20.062805
2015-04-01 00:00:00,0,288.2488,1000.0,2015-04-01 00:00:00,2.3882027e-05,48.654114,
2015-04-01 00:00:00,1,288.2488,1000.0,2015-04-30 23:59:59,2.3882027e-05,48.654114,
2015-04-01 00:00:01,0,,1000.0,,,,20.250498
2015-04-01 00:00:01,1,,1000.0,,,,20.250498
2015-05-01 00:00:00,0,288.3706,1000.0,2015-05-01 00:00:00,2.5242587e-05,61.82316,
2015-05-01 00:00:00,1,288.3706,1000.0,2015-05-31 23:59:59,2.5242587e-05,61.82316,
2015-05-01 00:00:01,0,,1000.0,,,,20.18514
2015-05-01 00:00:01,1,,1000.0,,,,20.18514
2015-06-01 00:00:00,0,288.48035,1000.0,2015-06-01 00:00:00,2.6534377e-05,94.20142,
2015-06-01 00:00:00,1,288.48035,1000.0,2015-06-30 23:59:59,2.6534377e-05,94.20142,
2015-06-01 00:45:01,0,,1000.0,,,,20.053732
2015-06-01 00:45:01,1,,1000.0,,,,20.053732
2015-07-01 00:00:00,0,288.98468,1000.0,2015-07-01 00:00:00,2.8076936e-05,80.9754,
2015-07-01 00:00:00,1,288.98468,1000.0,2015-07-31 23:59:59,2.8076936e-05,80.9754,
2015-07-01 00:55:01,0,,1000.0,,,,20.171576
2015-07-01 00:55:01,1,,1000.0,,,,20.171576
2015-08-01 00:00:00,0,288.7624,1000.0,2015-08-01 00:00:00,2.7318098e-05,82.10622,
2015-08-01 00:00:00,1,288.7624,1000.0,2015-08-31 23:59:59,2.7318098e-05,82.10622,
2015-08-01 00:20:01,0,,1000.0,,,,20.297668
2015-08-01 00:20:01,1,,1000.0,,,,20.297668
2015-09-01 00:00:00,0,288.50885,1000.0,2015-09-01 00:00:00,2.3989849e-05,67.71208,
2015-09-01 00:00:00,1,288.50885,1000.0,2015-09-30 23:59:59,2.3989849e-05,67.71208,
2015-09-01 00:45:01,0,,1000.0,,,,20.343824
2015-09-01 00:45:01,1,,1000.0,,,,20.343824
2015-10-01 00:00:00,0,288.07724,1000.0,2015-10-01 00:00:00,2.2351118e-05,56.92553,
2015-10-01 00:00:00,1,288.07724,1000.0,2015-10-31 23:59:59,2.2351118e-05,56.92553,
2015-10-01 00:00:01,0,,1000.0,,,,20.288414
2015-10-01 00:00:01,1,,1000.0,,,,20.288414
2015-11-01 00:00:00,0,287.31198,1000.0,2015-11-01 00:00:00,2.6205998e-05,66.38975,
2015-11-01 00:00:00,1,287.31198,1000.0,2015-11-30 23:59:59,2.6205998e-05,66.38975,
2015-11-01 00:10:01,0,,1000.0,,,,20.182137
2015-11-01 00:10:01,1,,1000.0,,,,20.182137
2015-12-01 00:00:00,0,286.82245,1000.0,2015-12-01 00:00:00,2.4180432e-05,71.4056,
2015-12-01 00:00:00,1,286.82245,1000.0,2015-12-31 23:59:59,2.4180432e-05,71.4056,
2015-12-01 00:25:01,0,,1000.0,,,,19.886759
2015-12-01 00:25:01,1,,1000.0,,,,19.886759
2016-01-01 00:00:00,0,287.05124,1000.0,2016-01-01 00:00:00,2.529061e-05,82.128685,
2016-01-01 00:00:00,1,287.05124,1000.0,2016-01-31 23:59:59,2.529061e-05,82.128685,
2016-01-01 00:15:01,0,,1000.0,,,,19.884512
2016-01-01 00:15:01,1,,1000.0,,,,19.884512
2016-02-01 00:00:00,0,287.39163,1000.0,2016-02-01 00:00:00,2.2599375e-05,47.698788,
2016-02-01 00:00:00,1,287.39163,1000.0,2016-02-29 23:59:59,2.2599375e-05,47.698788,
2016-02-01 00:35:00,0,,1000.0,,,,20.00491
2016-02-01 00:35:00,1,,1000.0,,,,20.00491
2016-03-01 00:00:00,0,288.1251,1000.0,2016-03-01 00:00:00,2.6204045e-05,44.66251,
2016-03-01 00:00:00,1,288.1251,1000.0,2016-03-31 23:59:59,2.6204045e-05,44.66251,
2016-03-01 00:05:01,0,,1000.0,,,,20.246748
2016-03-01 00:05:01,1,,1000.0,,,,20.246748
2016-04-01 00:00:00,0,288.02112,1000.0,2016-04-01 00:00:00,2.6088088e-05,64.57075,20.310375
2016-04-01 00:00:00,1,288.02112,1000.0,2016-04-30 23:59:59,2.6088088e-05,64.57075,20.310375
2016-05-01 00:00:00,0,288.59662,1000.0,2016-05-01 00:00:00,2.6249625e-05,61.699936,
2016-05-01 00:00:00,1,288.59662,1000.0,2016-05-31 23:59:59,2.6249625e-05,61.699936,
2016-05-01 00:10:01,0,,1000.0,,,,20.244692
2016-05-01 00:10:01,1,,1000.0,,,,20.244692
2016-06-01 00:00:00,0,289.1967,1000.0,2016-06-01 00:00:00,2.8340944e-05,69.11124,
2016-06-01 00:00:00,1,289.1967,1000.0,2016-06-30 23:59:59,2.8340944e-05,69.11124,
2016-06-01 00:55:01,0,,1000.0,,,,20.183352
2016-06-01 00:55:01,1,,1000.0,,,,20.183352
2016-07-01 00:00:00,0,288.97406,1000.0,2016-07-01 00:00:00,3.094334e-05,66.157166,
2016-07-01 00:00:00,1,288.97406,1000.0,2016-07-31 23:59:59,3.094334e-05,66.157166,
2016-07-01 01:00:01,0,,1000.0,,,,20.186651
2016-07-01 01:00:01,1,,1000.0,,,,20.186651
2016-08-01 00:00:00,0,288.6295,1000.0,2016-08-01 00:00:00,2.9275549e-05,79.753746,
2016-08-01 00:00:00,1,288.6295,1000.0,2016-08-31 23:59:59,2.9275549e-05,79.753746,
2016-08-01 00:30:00,0,,1000.0,,,,20.375292
2016-08-01 00:30:00,1,,1000.0,,,,20.375292
2016-09-01 00:00:00,0,289.06448,1000.0,2016-09-01 00:00:00,2.8451357e-05,88.900635,20.203876
2016-09-01 00:00:00,1,289.06448,1000.0,2016-09-30 23:59:59,2.8451357e-05,88.900635,20.203876
2016-10-01 00:00:00,0,288.02814,1000.0,2016-10-01 00:00:00,2.381669e-05,70.398285,
2016-10-01 00:00:00,1,288.02814,1000.0,2016-10-31 23:59:59,2.381669e-05,70.398285,
2016-10-01 00:05:00,0,,1000.0,,,,19.995258
2016-10-01 00:05:00,1,,1000.0,,,,19.995258
2016-11-01 00:00:00,0,287.129,1000.0,2016-11-01 00:00:00,2.3793715e-05,61.380066,
2016-11-01 00:00:00,1,287.129,1000.0,2016-11-30 23:59:59,2.3793715e-05,61.380066,
2016-11-01 00:25:00,0,,1000.0,,,,19.891335
2016-11-01 00:25:00,1,,1000.0,,,,19.891335
2016-12-01 00:00:00,0,286.90503,1000.0,2016-12-01 00:00:00,2.5093395e-05,44.840546,
2016-12-01 00:00:00,1,286.90503,1000.0,2016-12-31 23:59:59,2.5093395e-05,44.840546,
2016-12-01 00:35:00,0,,1000.0,,,,19.656326
2016-12-01 00:35:00,1,,1000.0,,,,19.656326
2017-01-01 00:00:00,0,286.5543,1000.0,2017-01-01 00:00:00,2.7545526e-05,61.011917,
2017-01-01 00:00:00,1,286.5543,1000.0,2017-01-31 23:59:59,2.7545526e-05,61.011917,
2017-01-01 00:25:01,0,,1000.0,,,,19.781456
2017-01-01 00:25:01,1,,1000.0,,,,19.781456
2017-02-01 00:00:00,0,287.04514,1000.0,2017-02-01 00:00:00,2.78131e-05,66.59404,
2017-02-01 00:00:00,1,287.04514,1000.0,2017-02-28 23:59:59,2.78131e-05,66.59404,
2017-02-01 00:50:01,0,,1000.0,,,,19.936686
2017-02-01 00:50:01,1,,1000.0,,,,19.936686
2017-03-01 00:00:00,0,287.44934,1000.0,2017-03-01 00:00:00,2.708491e-05,50.122704,
2017-03-01 00:00:00,1,287.44934,1000.0,2017-03-31 23:59:59,2.708491e-05,50.122704,
2017-03-01 00:10:01,0,,1000.0,,,,20.130196
2017-03-01 00:10:01,1,,1000.0,,,,20.130196
2017-04-01 00:00:00,0,288.38666,1000.0,2017-04-01 00:00:00,2.6273554e-05,57.524506,
2017-04-01 00:00:00,1,288.38666,1000.0,2017-04-30 23:59:59,2.6273554e-05,57.524506,
2017-04-01 00:30:01,0,,1000.0,,,,20.22575
2017-04-01 00:30:01,1,,1000.0,,,,20.22575
2017-05-01 00:00:00,0,288.60666,1000.0,2017-05-01 00:00:00,2.6011814e-05,76.23998,
2017-05-01 00:00:00,1,288.60666,1000.0,2017-05-31 23:59:59,2.6011814e-05,76.23998,
2017-05-01 01:00:00,0,,1000.0,,,,20.143442
2017-05-01 01:00:00,1,,1000.0,,,,20.143442
2017-06-01 00:00:00,0,288.58154,1000.0,2017-06-01 00:00:00,2.7501907e-05,75.84298,
2017-06-01 00:00:00,1,288.58154,1000.0,2017-06-30 23:59:59,2.7501907e-05,75.84298,
2017-06-01 00:30:01,0,,1000.0,,,,20.058985
2017-06-01 00:30:01,1,,1000.0,,,,20.058985
2017-07-01 00:00:00,0,288.91275,1000.0,2017-07-01 00:00:00,2.953019e-05,75.67301,
2017-07-01 00:00:00,1,288.91275,1000.0,2017-07-31 23:59:59,2.953019e-05,75.67301,
2017-07-01 00:40:00,0,,1000.0,,,,20.199883
2017-07-01 00:40:00,1,,1000.0,,,,20.199883
2017-08-01 00:00:00,0,289.13318,1000.0,2017-08-01 00:00:00,2.9770932e-05,68.57898,
2017-08-01 00:00:00,1,289.13318,1000.0,2017-08-31 23:59:59,2.9770932e-05,68.57898,
2017-08-01 00:05:01,0,,1000.0,,,,20.323242
2017-08-01 00:05:01,1,,1000.0,,,,20.323242
2017-09-01 00:00:00,0,288.8712,1000.0,2017-09-01 00:00:00,2.6356185e-05,82.59004,
2017-09-01 00:00:00,1,288.8712,1000.0,2017-09-30 23:59:59,2.6356185e-05,82.59004,
2017-09-01 00:25:01,0,,1000.0,,,,20.215612
2017-09-01 00:25:01,1,,1000.0,,,,20.215612
2017-10-01 00:00:00,0,287.96323,1000.0,2017-10-01 00:00:00,2.5587802e-05,56.805843,
2017-10-01 00:00:00,1,287.96323,1000.0,2017-10-31 23:59:59,2.5587802e-05,56.805843,
2017-10-01 00:35:00,0,,1000.0,,,,20.112726
2017-10-01 00:35:00,1,,1000.0,,,,20.112726
2017-11-01 00:00:00,0,287.5332,1000.0,2017-11-01 00:00:00,2.5481744e-05,64.39503,
2017-11-01 00:00:00,1,287.5332,1000.0,2017-11-30 23:59:59,2.5481744e-05,64.39503,
2017-11-01 00:25:00,0,,1000.0,,,,19.96273
2017-11-01 00:25:00,1,,1000.0,,,,19.96273
2017-12-01 00:00:00,0,287.14102,1000.0,2017-12-01 00:00:00,2.4387584e-05,46.305157,
2017-12-01 00:00:00,1,287.14102,1000.0,2017-12-31 23:59:59,2.4387584e-05,46.305157,
2017-12-01 00:05:01,0,,1000.0,,,,19.608627
2017-12-01 00:05:01,1,,1000.0,,,,19.608627
2018-01-01 00:00:00,0,286.84335,1000.0,2018-01-01 00:00:00,2.4086188e-05,39.552044,
2018-01-01 00:00:00,1,286.84335,1000.0,2018-01-31 23:59:59,2.4086188e-05,39.552044,
2018-01-01 00:00:01,0,,1000.0,,,,19.575506
2018-01-01 00:00:01,1,,1000.0,,,,19.575506
2018-02-01 00:00:00,0,287.40863,1000.0,2018-02-01 00:00:00,2.6573838e-05,45.406174,
2018-02-01 00:00:00,1,287.40863,1000.0,2018-02-28 23:59:59,2.6573838e-05,45.406174,
2018-02-01 00:20:00,0,,1000.0,,,,19.834936
2018-02-01 00:20:00,1,,1000.0,,,,19.834936
2018-03-01 00:00:00,0,287.3679,1000.0,2018-03-01 00:00:00,2.5601268e-05,60.10044,
2018-03-01 00:00:00,1,287.3679,1000.0,2018-03-31 23:59:59,2.5601268e-05,60.10044,
2018-03-01 00:45:01,0,,1000.0,,,,20.033957
2018-03-01 00:45:01,1,,1000.0,,,,20.033957
2018-04-01 00:00:00,0,287.7322,1000.0,2018-04-01 00:00:00,2.5148e-05,50.61224,20.156918
2018-04-01 00:00:00,1,287.7322,1000.0,2018-04-30 23:59:59,2.5148e-05,50.61224,20.156918
2018-05-01 00:00:00,0,288.139,1000.0,2018-05-01 00:00:00,2.5182777e-05,53.98329,
2018-05-01 00:00:00,1,288.139,1000.0,2018-05-31 23:59:59,2.5182777e-05,53.98329,
2018-05-01 00:40:01,0,,1000.0,,,,20.227085
2018-05-01 00:40:01,1,,1000.0,,,,20.227085
2018-06-01 00:00:00,0,288.51727,1000.0,2018-06-01 00:00:00,2.6679141e-05,66.55918,
2018-06-01 00:00:00,1,288.51727,1000.0,2018-06-30 23:59:59,2.6679141e-05,66.55918,
2018-06-01 00:05:01,0,,1000.0,,,,19.967016
2018-06-01 00:05:01,1,,1000.0,,,,19.967016
2018-07-01 00:00:00,0,288.71014,1000.0,2018-07-01 00:00:00,2.9300696e-05,73.4586,
2018-07-01 00:00:00,1,288.71014,1000.0,2018-07-31 23:59:59,2.9300696e-05,73.4586,
2018-07-01 00:15:01,0,,1000.0,,,,20.0688
2018-07-01 00:15:01,1,,1000.0,,,,20.0688
2018-08-01 00:00:00,0,288.48987,1000.0,2018-08-01 00:00:00,2.9081999e-05,72.44153,
2018-08-01 00:00:00,1,288.48987,1000.0,2018-08-31 23:59:59,2.9081999e-05,72.44153,
2018-08-01 01:00:00,0,,1000.0,,,,20.15194
2018-08-01 01:00:00,1,,1000.0,,,,20.15194
2018-09-01 00:00:00,0,288.4193,1000.0,2018-09-01 00:00:00,2.7319871e-05,71.75764,
2018-09-01 00:00:00,1,288.4193,1000.0,2018-09-30 23:59:59,2.7319871e-05,71.75764,
2018-09-01 00:25:00,0,,1000.0,,,,20.200579
2018-09-01 00:25:00,1,,1000.0,,,,20.200579
2018-10-01 00:00:00,0,288.02997,1000.0,2018-10-01 00:00:00,2.5235306e-05,86.68972,
2018-10-01 00:00:00,1,288.02997,1000.0,2018-10-31 23:59:59,2.5235306e-05,86.68972,
2018-10-01 00:05:01,0,,1000.0,,,,20.04451
2018-10-01 00:05:01,1,,1000.0,,,,20.04451
2018-11-01 00:00:00,0,287.3609,1000.0,2018-11-01 00:00:00,2.5403611e-05,80.83106,
2018-11-01 00:00:00,1,287.3609,1000.0,2018-11-30 23:59:59,2.5403611e-05,80.83106,
2018-11-01 00:00:01,0,,1000.0,,,,20.059858
2018-11-01 00:00:01,1,,1000.0,,,,20.059858
2018-12-01 00:00:00,0,287.14203,1000.0,2018-12-01 00:00:00,2.4435567e-05,60.420185,
2018-12-01 00:00:00,1,287.14203,1000.0,2018-12-31 23:59:59,2.4435567e-05,60.420185,
2018-12-01 00:10:01,0,,1000.0,,,,19.720682
2018-12-01 00:10:01,1,,1000.0,,,,19.720682
2019-01-01 00:00:00,0,288.05673,1000.0,2019-01-01 00:00:00,2.4017992e-05,67.887825,
2019-01-01 00:00:00,1,288.05673,1000.0,2019-01-31 23:59:59,2.4017992e-05,67.887825,
2019-01-01 00:30:00,0,,1000.0,,,,19.767424
2019-01-01 00:30:00,1,,1000.0,,,,19.767424
2019-02-01 00:00:00,0,287.11267,1000.0,2019-02-01 00:00:00,2.4867406e-05,53.760616,
2019-02-01 00:00:00,1,287.11267,1000.0,2019-02-28 23:59:59,2.4867406e-05,53.760616,
2019-02-01 00:20:00,0,,1000.0,,,,19.974874
2019-02-01 00:20:00,1,,1000.0,,,,19.974874
2019-03-01 00:00:00,0,287.6771,1000.0,2019-03-01 00:00:00,2.4835323e-05,67.285675,
2019-03-01 00:00:00,1,287.6771,1000.0,2019-03-31 23:59:59,2.4835323e-05,67.285675,
2019-03-01 00:10:01,0,,1000.0,,,,20.105875
2019-03-01 00:10:01,1,,1000.0,,,,20.105875
2019-04-01 00:00:00,0,288.23633,1000.0,2019-04-01 00:00:00,2.5622445e-05,46.558125,
2019-04-01 00:00:00,1,288.23633,1000.0,2019-04-30 23:59:59,2.5622445e-05,46.558125,
2019-04-01 00:05:00,0,,1000.0,,,,20.199986
2019-04-01 00:05:00,1,,1000.0,,,,20.199986
2019-05-01 00:00:00,0,288.1669,1000.0,2019-05-01 00:00:00,2.5369096e-05,69.08496,
2019-05-01 00:00:00,1,288.1669,1000.0,2019-05-31 23:59:59,2.5369096e-05,69.08496,
2019-05-01 00:15:00,0,,1000.0,,,,20.235739
2019-05-01 00:15:00,1,,1000.0,,,,20.235739
2019-06-01 00:00:00,0,289.11996,1000.0,2019-06-01 00:00:00,2.6270884e-05,88.547165,
2019-06-01 00:00:00,1,289.11996,1000.0,2019-06-30 23:59:59,2.6270884e-05,88.547165,
2019-06-01 01:00:01,0,,1000.0,,,,20.111675
2019-06-01 01:00:01,1,,1000.0,,,,20.111675
2019-07-01 00:00:00,0,289.21597,1000.0,2019-07-01 00:00:00,2.8718332e-05,76.68981,20.26696
2019-07-01 00:00:00,1,289.21597,1000.0,2019-07-31 23:59:59,2.8718332e-05,76.68981,20.26696
2019-08-01 00:00:00,0,289.05887,1000.0,2019-08-01 00:00:00,2.8866854e-05,67.34262,
2019-08-01 00:00:00,1,289.05887,1000.0,2019-08-31 23:59:59,2.8866854e-05,67.34262,
2019-08-01 00:35:01,0,,1000.0,,,,20.340023
2019-08-01 00:35:01,1,,1000.0,,,,20.340023
2019-09-01 00:00:00,0,289.2104,1000.0,2019-09-01 00:00:00,2.5680323e-05,67.73914,20.233505
2019-09-01 00:00:00,1,289.2104,1000.0,2019-09-30 23:59:59,2.5680323e-05,67.73914,20.233505
2019-10-01 00:00:00,0,288.2049,1000.0,2019-10-01 00:00:00,2.6552507e-05,69.63266,
2019-10-01 00:00:00,1,288.2049,1000.0,2019-10-31 23:59:59,2.6552507e-05,69.63266,
2019-10-01 00:10:01,0,,1000.0,,,,20.044575
2019-10-01 00:10:01,1,,1000.0,,,,20.044575
2019-11-01 00:00:00,0,287.27554,1000.0,2019-11-01 00:00:00,2.3164852e-05,71.70815,
2019-11-01 00:00:00,1,287.27554,1000.0,2019-11-30 23:59:59,2.3164852e-05,71.70815,
2019-11-01 00:30:00,0,,1000.0,,,,20.025465
2019-11-01 00:30:00,1,,1000.0,,,,20.025465
2019-12-01 00:00:00,0,286.8527,1000.0,2019-12-01 00:00:00,2.4394061e-05,50.30159,
2019-12-01 00:00:00,1,286.8527,1000.0,2019-12-31 23:59:59,2.4394061e-05,50.30159,
2019-12-01 00:40:01,0,,1000.0,,,,19.82097
2019-12-01 00:40:01,1,,1000.0,,,,19.82097
2020-01-01 00:00:00,0,286.86993,1000.0,2020-01-01 00:00:00,2.5082836e-05,55.339718,19.801785
2020-01-01 00:00:00,1,286.86993,1000.0,2020-01-31 23:59:59,2.5082836e-05,55.339718,19.801785
2020-02-01 00:00:00,0,287.207,1000.0,2020-02-01 00:00:00,2.4995967e-05,58.7084,19.971786
2020-02-01 00:00:00,1,287.207,1000.0,2020-02-29 23:59:59,2.4995967e-05,58.7084,19.971786
2020-03-01 00:00:00,0,287.76913,1000.0,2020-03-01 00:00:00,2.5194035e-05,50.46863,
2020-03-01 00:00:00,1,287.76913,1000.0,2020-03-31 23:59:59,2.5194035e-05,50.46863,
2020-03-01 00:25:01,0,,1000.0,,,,20.216192
2020-03-01 00:25:01,1,,1000.0,,,,20.216192
2020-04-01 00:00:00,0,287.90454,1000.0,2020-04-01 00:00:00,2.3838513e-05,64.47782,
2020-04-01 00:00:00,1,287.90454,1000.0,2020-04-30 23:59:59,2.3838513e-05,64.47782,
2020-04-01 00:15:00,0,,1000.0,,,,20.296974
2020-04-01 00:15:00,1,,1000.0,,,,20.296974
2020-05-01 00:00:00,0,288.66504,1000.0,2020-05-01 00:00:00,2.4683217e-05,54.58404,
2020-05-01 00:00:00,1,288.66504,1000.0,2020-05-31 23:59:59,2.4683217e-05,54.58404,
2020-05-01 00:25:00,0,,1000.0,,,,20.127775
2020-05-01 00:25:00,1,,1000.0,,,,20.127775
2020-06-01 00:00:00,0,288.9674,1000.0,2020-06-01 00:00:00,2.8535218e-05,65.12579,
2020-06-01 00:00:00,1,288.9674,1000.0,2020-06-30 23:59:59,2.8535218e-05,65.12579,
2020-06-01 00:00:01,0,,1000.0,,,,20.106987
2020-06-01 00:00:01,1,,1000.0,,,,20.106987
2020-07-01 00:00:00,0,289.03244,1000.0,2020-07-01 00:00:00,3.096531e-05,67.67349,
2020-07-01 00:00:00,1,289.03244,1000.0,2020-07-31 23:59:59,3.096531e-05,67.67349,
2020-07-01 00:00:01,0,,1000.0,,,,20.237658
2020-07-01 00:00:01,1,,1000.0,,,,20.237658
2020-08-01 00:00:00,0,289.39832,1000.0,2020-08-01 00:00:00,3.1577652e-05,75.6869,
2020-08-01 00:00:00,1,289.39832,1000.0,2020-08-31 23:59:59,3.1577652e-05,75.6869,
2020-08-01 00:45:00,0,,1000.0,,,,20.438412
2020-08-01 00:45:00,1,,1000.0,,,,20.438412
2020-09-01 00:00:00,0,288.60898,1000.0,2020-09-01 00:00:00,2.7699596e-05,59.21087,
2020-09-01 00:00:00,1,288.60898,1000.0,2020-09-30 23:59:59,2.7699596e-05,59.21087,
2020-09-02 20:05:00,0,,1000.0,,,,20.327007
2020-09-02 20:05:00,1,,1000.0,,,,20.327007
2020-10-01 00:00:00,0,288.32657,1000.0,2020-10-01 00:00:00,2.4491865e-05,59.608246,
2020-10-01 00:00:00,1,288.32657,1000.0,2020-10-31 23:59:59,2.4491865e-05,59.608246,
2020-10-01 00:20:01,0,,1000.0,,,,20.1192
2020-10-01 00:20:01,1,,1000.0,,,,20.1192
2020-11-01 00:00:00,0,287.8696,1000.0,2020-11-01 00:00:00,2.3115645e-05,54.46477,
2020-11-01 00:00:00,1,287.8696,1000.0,2020-11-30 23:59:59,2.3115645e-05,54.46477,
2020-11-01 00:40:01,0,,1000.0,,,,19.961437
2020-11-01 00:40:01,1,,1000.0,,,,19.961437
2020-12-01 00:00:00,0,287.30417,1000.0,2020-12-01 00:00:00,2.2350287e-05,47.450027,19.692366
2020-12-01 00:00:00,1,287.30417,1000.0,2020-12-31 23:59:59,2.2350287e-05,47.450027,19.692366
2021-01-01 00:00:00,0,287.2102,1000.0,2021-01-01 00:00:00,2.4300101e-05,47.513844,
2021-01-01 00:00:00,1,287.2102,1000.0,2021-01-31 23:59:59,2.4300101e-05,47.513844,
2021-01-01 00:10:01,0,,1000.0,,,,19.677536
2021-01-01 00:10:01,1,,1000.0,,,,19.677536
2021-02-01 00:00:00,0,287.6834,1000.0,2021-02-01 00:00:00,2.4644365e-05,42.49318,
2021-02-01 00:00:00,1,287.6834,1000.0,2021-02-28 23:59:59,2.4644365e-05,42.49318,
2021-02-01 00:05:01,0,,1000.0,,,,19.860712
2021-02-01 00:05:01,1,,1000.0,,,,19.860712
2021-03-01 00:00:00,0,287.13452,1000.0,2021-03-01 00:00:00,2.6963255e-05,40.864597,
2021-03-01 00:00:00,1,287.13452,1000.0,2021-03-31 23:59:59,2.6963255e-05,40.864597,
2021-03-01 00:25:01,0,,1000.0,,,,20.12269
2021-03-01 00:25:01,1,,1000.0,,,,20.12269
2021-04-01 00:00:00,0,288.45306,1000.0,2021-04-01 00:00:00,2.3249044e-05,52.682873,
2021-04-01 00:00:00,1,288.45306,1000.0,2021-04-30 23:59:59,2.3249044e-05,52.682873,
2021-04-01 00:00:01,0,,1000.0,,,,20.1554
2021-04-01 00:00:01,1,,1000.0,,,,20.1554
2021-05-01 00:00:00,0,288.36044,1000.0,2021-05-01 00:00:00,2.4555997e-05,44.837643,20.039387
2021-05-01 00:00:00,1,288.36044,1000.0,2021-05-31 23:59:59,2.4555997e-05,44.837643,20.039387
2021-06-01 00:00:00,0,288.8045,1000.0,2021-06-01 00:00:00,2.7140182e-05,64.79871,
2021-06-01 00:00:00,1,288.8045,1000.0,2021-06-30 23:59:59,2.7140182e-05,64.79871,
2021-06-01 00:45:01,0,,1000.0,,,,20.062302
2021-06-01 00:45:01,1,,1000.0,,,,20.062302
2021-07-01 00:00:00,0,288.98645,1000.0,2021-07-01 00:00:00,3.0449542e-05,71.078285,
2021-07-01 00:00:00,1,288.98645,1000.0,2021-07-31 23:59:59,3.0449542e-05,71.078285,
2021-07-01 00:55:01,0,,1000.0,,,,20.161583
2021-07-01 00:55:01,1,,1000.0,,,,20.161583
2021-08-01 00:00:00,0,288.9272,1000.0,2021-08-01 00:00:00,2.972087e-05,77.05768,
2021-08-01 00:00:00,1,288.9272,1000.0,2021-08-31 23:59:59,2.972087e-05,77.05768,
2021-08-01 00:20:00,0,,1000.0,,,,20.332226
2021-08-01 00:20:00,1,,1000.0,,,,20.332226
2021-09-01 00:00:00,0,288.9118,1000.0,2021-09-01 00:00:00,2.8252914e-05,76.68466,
2021-09-01 00:00:00,1,288.9118,1000.0,2021-09-30 23:59:59,2.8252914e-05,76.68466,
2021-09-01 00:45:00,0,,1000.0,,,,20.263172
2021-09-01 00:45:00,1,,1000.0,,,,20.263172
2021-10-01 00:00:00,0,287.8122,1000.0,2021-10-01 00:00:00,2.5069934e-05,62.867218,20.058908
2021-10-01 00:00:00,1,287.8122,1000.0,2021-10-31 23:59:59,2.5069934e-05,62.867218,20.058908
2021-11-01 00:00:00,0,287.2077,1000.0,2021-11-01 00:00:00,2.4907957e-05,68.20293,19.948002
2021-11-01 00:00:00,1,287.2077,1000.0,2021-11-30 23:59:59,2.4907957e-05,68.20293,19.948002
2021-12-01 00:00:00,0,287.02396,1000.0,2021-12-01 00:00:00,2.4169647e-05,37.04667,19.64538
2021-12-01 00:00:00,1,287.02396,1000.0,2021-12-31 23:59:59,2.4169647e-05,37.04667,19.64538
2022-01-01 00:00:00,0,286.8647,1000.0,2022-01-01 00:00:00,2.4717225e-05,55.26305,19.779123
2022-01-01 00:00:00,1,286.8647,1000.0,2022-01-31 23:59:59,2.4717225e-05,55.26305,19.779123
2022-02-01 00:00:00,0,287.15152,1000.0,2022-02-01 00:00:00,2.4502475e-05,37.632996,19.76178
2022-02-01 00:00:00,1,287.15152,1000.0,2022-02-28 23:59:59,2.4502475e-05,37.632996,19.76178
2022-03-01 00:00:00,0,287.3592,1000.0,2022-03-01 00:00:00,2.665763e-05,39.797237,19.978653
2022-03-01 00:00:00,1,287.3592,1000.0,2022-03-31 23:59:59,2.665763e-05,39.797237,19.978653
2022-04-01 00:00:00,0,288.47278,1000.0,2022-04-01 00:00:00,2.7011583e-05,50.93412,20.44727
2022-04-01 00:00:00,1,288.47278,1000.0,2022-04-30 23:59:59,2.7011583e-05,50.93412,20.44727
2022-05-01 00:00:00,0,288.41562,1000.0,2022-05-01 00:00:00,2.519668e-05,59.10014,19.992151
2022-05-01 00:00:00,1,288.41562,1000.0,2022-05-31 23:59:59,2.519668e-05,59.10014,19.992151
2022-06-01 00:00:00,0,288.25214,1000.0,2022-06-01 00:00:00,2.7806074e-05,71.89977,19.82587
2022-06-01 00:00:00,1,288.25214,1000.0,2022-06-30 23:59:59,2.7806074e-05,71.89977,19.82587
2022-07-01 00:00:00,0,288.8074,1000.0,2022-07-01 00:00:00,3.0761286e-05,67.05312,19.951088
2022-07-01 00:00:00,1,288.8074,1000.0,2022-07-31 23:59:59,3.0761286e-05,67.05312,19.951088
2022-08-01 00:00:00,0,288.60474,1000.0,2022-08-01 00:00:00,3.076047e-05,75.515594,20.236954
2022-08-01 00:00:00,1,288.60474,1000.0,2022-08-31 23:59:59,3.076047e-05,75.515594,20.236954
2022-09-01 00:00:00,0,288.6596,1000.0,2022-09-01 00:00:00,2.8159542e-05,78.255165,20.16578
2022-09-01 00:00:00,1,288.6596,1000.0,2022-09-30 23:59:59,2.8159542e-05,78.255165,20.16578
2022-10-01 00:00:00,0,287.78867,1000.0,2022-10-01 00:00:00,2.6484797e-05,49.53435,20.023552
2022-10-01 00:00:00,1,287.78867,1000.0,2022-10-31 23:59:59,2.6484797e-05,49.53435,20.023552
2022-11-01 00:00:00,0,287.44208,1000.0,2022-11-01 00:00:00,2.507385e-05,41.457245,19.8865
2022-11-01 00:00:00,1,287.44208,1000.0,2022-11-30 23:59:59,2.507385e-05,41.457245,19.8865
2022-12-01 00:00:00,0,287.01346,1000.0,2022-12-01 00:00:00,2.3513634e-05,57.56561,19.647083
2022-12-01 00:00:00,1,287.01346,1000.0,2022-12-31 23:59:59,2.3513634e-05,57.56561,19.647083
2023-01-01 00:00:00,0,287.49908,1000.0,2023-01-01 00:00:00,2.5079802e-05,62.32271,19.68104
2023-01-01 00:00:00,1,287.49908,1000.0,2023-01-31 23:59:59,2.5079802e-05,62.32271,19.68104
2023-02-01 00:00:00,0,287.16574,1000.0,2023-02-01 00:00:00,2.3102193e-05,59.0444,19.894842
2023-02-01 00:00:00,1,287.16574,1000.0,2023-02-28 23:59:59,2.3102193e-05,59.0444,19.894842
2023-03-01 00:00:00,0,287.39267,1000.0,2023-03-01 00:00:00,2.5464411e-05,44.298164,20.205273
2023-03-01 00:00:00,1,287.39267,1000.0,2023-03-31 23:59:59,2.5464411e-05,44.298164,20.205273
2023-04-01 00:00:00,0,287.711,1000.0,2023-04-01 00:00:00,2.3500937e-05,58.748558,20.311943
2023-04-01 00:00:00,1,287.711,1000.0,2023-04-30 23:59:59,2.3500937e-05,58.748558,20.311943
2023-05-01 00:00:00,0,288.64825,1000.0,2023-05-01 00:00:00,2.2184538e-05,55.554295,20.213326
2023-05-01 00:00:00,1,288.64825,1000.0,2023-05-31 23:59:59,2.2184538e-05,55.554295,20.213326
2023-06-01 00:00:00,0,288.37247,1000.0,2023-06-01 00:00:00,2.6310609e-05,58.56405,20.08934
2023-06-01 00:00:00,1,288.37247,1000.0,2023-06-30 23:59:59,2.6310609e-05,58.56405,20.08934
2023-07-01 00:00:00,0,288.89417,1000.0,2023-07-01 00:00:00,2.9515155e-05,67.548325,20.33378
2023-07-01 00:00:00,1,288.89417,1000.0,2023-07-31 23:59:59,2.9515155e-05,67.548325,20.33378
2023-08-01 00:00:00,0,288.63855,1000.0,2023-08-01 00:00:00,2.6843856e-05,70.79791,20.554007
2023-08-01 00:00:00,1,288.63855,1000.0,2023-08-31 23:59:59,2.6843856e-05,70.79791,20.554007
2023-09-01 00:00:00,0,288.29892,1000.0,2023-09-01 00:00:00,2.524432e-05,72.84235,20.387377
2023-09-01 00:00:00,1,288.29892,1000.0,2023-09-30 23:59:59,2.524432e-05,72.84235,20.387377
2023-10-01 00:00:00,0,288.2227,1000.0,2023-10-01 00:00:00,2.4134184e-05,48.145264,20.216232
2023-10-01 00:00:00,1,288.2227,1000.0,2023-10-31 23:59:59,2.4134184e-05,48.145264,20.216232
2023-11-01 00:00:00,0,287.27628,1000.0,2023-11-01 00:00:00,2.4828558e-05,57.37295,20.182638
2023-11-01 00:00:00,1,287.27628,1000.0,2023-11-30 23:59:59,2.4828558e-05,57.37295,20.182638
2023-12-01 00:00:00,0,287.0956,1000.0,2023-12-01 00:00:00,2.2719136e-05,37.495556,20.020294
2023-12-01 00:00:00,1,287.0956,1000.0,2023-12-31 23:59:59,2.2719136e-05,37.495556,20.020294
2024-01-01 00:00:00,0,287.2136,1000.0,2024-01-01 00:00:00,2.4237628e-05,55.04464,20.146788
2024-01-01 00:00:00,1,287.2136,1000.0,2024-01-31 23:59:59,2.4237628e-05,55.04464,20.146788
2024-02-01 00:00:00,0,287.9312,1000.0,2024-02-01 00:00:00,2.288658e-05,67.35389,20.298773
2024-02-01 00:00:00,1,287.9312,1000.0,2024-02-29 23:59:59,2.288658e-05,67.35389,20.298773
2024-03-01 00:00:00,0,287.8994,1000.0,2024-03-01 00:00:00,2.476498e-05,44.681812,20.481663
2024-03-01 00:00:00,1,287.8994,1000.0,2024-03-31 23:59:59,2.476498e-05,44.681812,20.481663
2024-04-01 00:00:00,0,289.66718,1000.0,2024-04-01 00:00:00,2.5781426e-05,62.835747,20.586836
2024-04-01 00:00:00,1,289.66718,1000.0,2024-04-30 23:59:59,2.5781426e-05,62.835747,20.586836
2024-05-01 00:00:00,0,289.13147,1000.0,2024-05-01 00:00:00,2.4888843e-05,62.040783,20.251707
2024-05-01 00:00:00,1,289.13147,1000.0,2024-05-31 23:59:59,2.4888843e-05,62.040783,20.251707
2024-06-01 00:00:00,0,289.0766,1000.0,2024-06-01 00:00:00,2.855421e-05,81.335,20.139154
2024-06-01 00:00:00,1,289.0766,1000.0,2024-06-30 23:59:59,2.855421e-05,81.335,20.139154
2024-07-01 00:00:00,0,289.10974,1000.0,2024-07-01 00:00:00,3.1275053e-05,75.80533,20.360977
2024-07-01 00:00:00,1,289.10974,1000.0,2024-07-31 23:59:59,3.1275053e-05,75.80533,20.360977
2024-08-01 00:00:00,0,289.10764,1000.0,2024-08-01 00:00:00,2.9052326e-05,77.665794,20.552965
2024-08-01 00:00:00,1,289.10764,1000.0,2024-08-31 23:59:59,2.9052326e-05,77.665794,20.552965
2024-09-01 00:00:00,0,289.09378,1000.0,2024-09-01 00:00:00,2.7216201e-05,63.589302,20.39148
2024-09-01 00:00:00,1,289.09378,1000.0,2024-09-30 23:59:59,2.7216201e-05,63.589302,20.39148
2024-10-01 00:00:00,0,288.13397,1000.0,2024-10-01 00:00:00,2.3991703e-05,56.217625,20.10095
2024-10-01 00:00:00,1,288.13397,1000.0,2024-10-31 23:59:59,2.3991703e-05,56.217625,20.10095
2024-11-01 00:00:00,0,288.077,1000.0,2024-11-01 00:00:00,2.5369345e-05,28.764765,20.008257
2024-11-01 00:00:00,1,288.077,1000.0,2024-11-30 23:59:59,2.5369345e-05,28.764765,20.008257
2024-12-01 00:00:00,0,286.75107,1000.0,2024-12-01 00:00:00,2.2977456e-05,67.83919,19.801691
2024-12-01 00:00:00,1,286.75107,1000.0,2024-12-31 23:59:59,2.2977456e-05,67.83919,19.801691
2025-01-01 00:00:00,0,286.83643,1000.0,2025-01-01 00:00:00,2.344494e-05,55.54777,19.851545
2025-01-01 00:00:00,1,286.83643,1000.0,2025-01-31 23:59:59,2.344494e-05,55.54777,19.851545
2025-02-01 00:00:00,0,,1000.0,,,33.072083,
2025-02-01 00:00:00,1,,1000.0,,,33.072083,
